"Year","Quarter ID","Quarter","Month ID","Month","Day","Time ID","Time","Nation ID","Nation","Accum Cases","Daily Cases","AVG 7 Days Accum Cases","AVG 7 Days Daily Cases","Rate Daily Cases","Rate Accum Cases","Days from 50 Cases","Style"
2020,1,"Q1",3,"2020-03",15,20200315,"2020-03-15","mex","México",323,37,185.2857208251953,36.71428680419922,0.02895323373377323,0.2527539134025574,10,"solid"
2020,1,"Q1",3,"2020-03",16,20200316,"2020-03-16","mex","México",400,77,232.2857208251953,47,0.06025402992963791,0.3130079507827759,11,"solid"
2020,1,"Q1",3,"2020-03",17,20200317,"2020-03-17","mex","México",504,104,291.71429443359375,59.42856979370117,0.08138206601142883,0.3943900167942047,12,"solid"
2020,1,"Q1",3,"2020-03",18,20200318,"2020-03-18","mex","México",620,116,362.1428527832031,70.42857360839844,0.09077230095863342,0.48516231775283813,13,"solid"
2020,1,"Q1",3,"2020-03",19,20200319,"2020-03-19","mex","México",771,151,448.28570556640625,86.14286041259766,0.11816049367189407,0.6033228039741516,14,"solid"
2020,1,"Q1",3,"2020-03",20,20200320,"2020-03-20","mex","México",903,132,543.8571166992188,95.57142639160156,0.10329262167215347,0.7066154479980469,15,"solid"
2020,1,"Q1",3,"2020-03",21,20200321,"2020-03-21","mex","México",988,85,644.1428833007812,100.28571319580078,0.06651418656110764,0.7731295824050903,16,"solid"
2020,1,"Q1",3,"2020-03",22,20200322,"2020-03-22","mex","México",1058,70,749.1428833007812,105,0.0547763891518116,0.8279060125350952,17,"solid"
2020,1,"Q1",3,"2020-03",23,20200323,"2020-03-23","mex","México",1226,168,867.1428833007812,118,0.13146333396434784,0.9593693017959595,18,"solid"
2020,1,"Q1",3,"2020-03",24,20200324,"2020-03-24","mex","México",1446,220,1001.7142944335938,134.57142639160156,0.17215436697006226,1.1315237283706665,19,"solid"
2020,1,"Q1",3,"2020-03",25,20200325,"2020-03-25","mex","México",1631,185,1146.142822265625,144.42857360839844,0.144766166806221,1.2762898206710815,20,"solid"
2020,1,"Q1",3,"2020-03",26,20200326,"2020-03-26","mex","México",1855,224,1301,154.85714721679688,0.17528444528579712,1.4515743255615234,21,"solid"
2020,1,"Q1",3,"2020-03",27,20200327,"2020-03-27","mex","México",2117,262,1474.4285888671875,173.42857360839844,0.20502020418643951,1.6565945148468018,22,"solid"
2020,1,"Q1",3,"2020-03",28,20200328,"2020-03-28","mex","México",2308,191,1663,188.57142639160156,0.1494612842798233,1.8060557842254639,23,"solid"
2020,1,"Q1",3,"2020-03",29,20200329,"2020-03-29","mex","México",2474,166,1865.2857666015625,202.2857208251953,0.1298982948064804,1.9359540939331055,24,"solid"
2020,1,"Q1",3,"2020-03",30,20200330,"2020-03-30","mex","México",2819,345,2092.857177734375,227.57142639160156,0.2699693441390991,2.205923557281494,25,"solid"
2020,1,"Q1",3,"2020-03",31,20200331,"2020-03-31","mex","México",3130,311,2333.428466796875,240.57142639160156,0.24336367845535278,2.449287176132202,26,"solid"
2020,2,"Q2",4,"2020-04",1,20200401,"2020-04-01","mex","México",3512,382,2602.142822265625,268.71429443359375,0.2989225685596466,2.7482097148895264,27,"solid"
2020,2,"Q2",4,"2020-04",2,20200402,"2020-04-02","mex","México",3859,347,2888.428466796875,286.28570556640625,0.27153438329696655,3.0197441577911377,28,"solid"
2020,2,"Q2",4,"2020-04",3,20200403,"2020-04-03","mex","México",4251,392,3193.28564453125,304.8571472167969,0.30674779415130615,3.3264918327331543,29,"solid"
2020,2,"Q2",4,"2020-04",4,20200404,"2020-04-04","mex","México",4501,250,3506.571533203125,313.28570556640625,0.19562995433807373,3.5221219062805176,30,"solid"
2020,2,"Q2",4,"2020-04",5,20200405,"2020-04-05","mex","México",4760,259,3833.142822265625,326.5714416503906,0.20267264544963837,3.724794387817383,31,"solid"
2020,2,"Q2",4,"2020-04",6,20200406,"2020-04-06","mex","México",5391,631,4200.5712890625,367.4285583496094,0.493770033121109,4.218564510345459,32,"solid"
2020,2,"Q2",4,"2020-04",7,20200407,"2020-04-07","mex","México",5906,515,4597.14306640625,396.5714416503906,0.4029977321624756,4.6215620040893555,33,"solid"
2020,2,"Q2",4,"2020-04",8,20200408,"2020-04-08","mex","México",6487,581,5022.14306640625,425,0.45464402437210083,5.076206207275391,34,"solid"
2020,2,"Q2",4,"2020-04",9,20200409,"2020-04-09","mex","México",6970,483,5466.5712890625,444.4285583496094,0.3779570758342743,5.454163551330566,35,"solid"
2020,2,"Q2",4,"2020-04",10,20200410,"2020-04-10","mex","México",7542,572,5936.71435546875,470.1428527832031,0.4476013481616974,5.901764869689941,36,"solid"
2020,2,"Q2",4,"2020-04",11,20200411,"2020-04-11","mex","México",8006,464,6437.4287109375,500.71429443359375,0.3630892038345337,6.2648539543151855,37,"solid"
2020,2,"Q2",4,"2020-04",12,20200412,"2020-04-12","mex","México",8485,479,6969.5712890625,532.1428833007812,0.37482699751853943,6.639680862426758,38,"solid"
2020,2,"Q2",4,"2020-04",13,20200413,"2020-04-13","mex","México",9438,953,7547.71435546875,578.1428833007812,0.7457414269447327,7.385422229766846,39,"solid"
2020,2,"Q2",4,"2020-04",14,20200414,"2020-04-14","mex","México",10374,936,8186,638.2857055664062,0.7324385643005371,8.117860794067383,40,"solid"
2020,2,"Q2",4,"2020-04",15,20200415,"2020-04-15","mex","México",11359,985,8882,696,0.7707820534706116,8.888643264770508,41,"solid"
2020,2,"Q2",4,"2020-04",16,20200416,"2020-04-16","mex","México",12355,996,9651.2861328125,769.2857055664062,0.7793897390365601,9.6680326461792,42,"solid"
2020,2,"Q2",4,"2020-04",17,20200417,"2020-04-17","mex","México",13500,1145,10502.4287109375,851.1428833007812,0.8959852457046509,10.564018249511719,43,"solid"
2020,2,"Q2",4,"2020-04",18,20200418,"2020-04-18","mex","México",14315,815,11403.7138671875,901.2857055664062,0.6377536654472351,11.20177173614502,44,"solid"
2020,2,"Q2",4,"2020-04",19,20200419,"2020-04-19","mex","México",15109,794,12350,946.2857055664062,0.6213207840919495,11.823092460632324,45,"solid"
2020,2,"Q2",4,"2020-04",20,20200420,"2020-04-20","mex","México",16630,1521,13377.4287109375,1027.4285888671875,1.1902127265930176,13.013304710388184,46,"solid"
2020,2,"Q2",4,"2020-04",21,20200421,"2020-04-21","mex","México",18101,1471,14481.2861328125,1103.857177734375,1.151086688041687,14.16439151763916,47,"solid"
2020,2,"Q2",4,"2020-04",22,20200422,"2020-04-22","mex","México",19524,1423,15647.7138671875,1166.4285888671875,1.1135257482528687,15.277917861938477,48,"solid"
2020,2,"Q2",4,"2020-04",23,20200423,"2020-04-23","mex","México",21030,1506,16887,1239.2857666015625,1.1784749031066895,16.456392288208008,49,"solid"
2020,2,"Q2",4,"2020-04",24,20200424,"2020-04-24","mex","México",22764,1734,18210.427734375,1323.4285888671875,1.3568893671035767,17.813282012939453,50,"solid"
2020,2,"Q2",4,"2020-04",25,20200425,"2020-04-25","mex","México",23928,1164,19583.71484375,1373.2857666015625,0.9108530879020691,18.72413444519043,51,"solid"
2020,2,"Q2",4,"2020-04",26,20200426,"2020-04-26","mex","México",25045,1117,21003.142578125,1419.4285888671875,0.8740746974945068,19.598209381103516,52,"solid"
2020,2,"Q2",4,"2020-04",27,20200427,"2020-04-27","mex","México",26987,1942,22482.71484375,1479.5714111328125,1.519653558731079,21.117862701416016,53,"solid"
2020,2,"Q2",4,"2020-04",28,20200428,"2020-04-28","mex","México",28948,1961,24032.28515625,1549.5714111328125,1.534521460533142,22.65238380432129,54,"solid"
2020,2,"Q2",4,"2020-04",29,20200429,"2020-04-29","mex","México",30896,1948,25656.857421875,1624.5714111328125,1.5243486166000366,24.176733016967773,55,"solid"
2020,2,"Q2",4,"2020-04",30,20200430,"2020-04-30","mex","México",32780,1884,27335.427734375,1678.5714111328125,1.4742673635482788,25.6510009765625,56,"solid"
2020,2,"Q2",5,"2020-05",1,20200501,"2020-05-01","mex","México",34335,1555,28988.427734375,1653,1.2168183326721191,26.86781883239746,57,"solid"
2020,2,"Q2",5,"2020-05",2,20200502,"2020-05-02","mex","México",35828,1493,30688.427734375,1700,1.1683021783828735,28.036121368408203,58,"solid"
2020,2,"Q2",5,"2020-05",3,20200503,"2020-05-03","mex","México",37205,1377,32425.572265625,1737.142822265625,1.077529788017273,29.113651275634766,59,"solid"
2020,2,"Q2",5,"2020-05",4,20200504,"2020-05-04","mex","México",39847,2642,34262.71484375,1837.142822265625,2.0674173831939697,31.181068420410156,60,"solid"
2020,2,"Q2",5,"2020-05",5,20200505,"2020-05-05","mex","México",42081,2234,36138.85546875,1876.142822265625,1.7481493949890137,32.92921829223633,61,"solid"
2020,2,"Q2",5,"2020-05",6,20200506,"2020-05-06","mex","México",44470,2389,38078,1939.142822265625,1.869439959526062,34.79865646362305,62,"solid"
2020,2,"Q2",5,"2020-05",7,20200507,"2020-05-07","mex","México",47001,2531,40109.5703125,2031.5714111328125,1.9805576801300049,36.77921676635742,63,"solid"
2020,2,"Q2",5,"2020-05",8,20200508,"2020-05-08","mex","México",49531,2530,42280.4296875,2170.857177734375,1.9797751903533936,38.75899124145508,64,"solid"
2020,2,"Q2",5,"2020-05",9,20200509,"2020-05-09","mex","México",51188,1657,44474.71484375,2194.28564453125,1.296635389328003,40.055625915527344,65,"solid"
2020,2,"Q2",5,"2020-05",10,20200510,"2020-05-10","mex","México",52740,1552,46694,2219.28564453125,1.2144707441329956,41.27009582519531,66,"solid"
2020,2,"Q2",5,"2020-05",11,20200511,"2020-05-11","mex","México",55858,3118,48981.28515625,2287.28564453125,2.439896821975708,43.70999526977539,67,"solid"
2020,2,"Q2",5,"2020-05",12,20200512,"2020-05-12","mex","México",58928,3070,51388,2406.71435546875,2.4023358821868896,46.11233139038086,68,"solid"
2020,2,"Q2",5,"2020-05",13,20200513,"2020-05-13","mex","México",62158,3230,53914.85546875,2526.857177734375,2.527539014816284,48.639869689941406,69,"solid"
2020,2,"Q2",5,"2020-05",14,20200514,"2020-05-14","mex","México",65375,3217,56539.71484375,2624.857177734375,2.517366409301758,51.15723419189453,70,"solid"
2020,2,"Q2",5,"2020-05",15,20200515,"2020-05-15","mex","México",69069,3694,59330.85546875,2791.142822265625,2.8906283378601074,54.0478630065918,71,"solid"
2020,2,"Q2",5,"2020-05",16,20200516,"2020-05-16","mex","México",71339,2270,62209.5703125,2878.71435546875,1.7763200998306274,55.82418441772461,72,"solid"
2020,2,"Q2",5,"2020-05",17,20200517,"2020-05-17","mex","México",73078,1739,65115,2905.428466796875,1.3608020544052124,57.18498611450195,73,"solid"
2020,2,"Q2",5,"2020-05",18,20200518,"2020-05-18","mex","México",77259,4181,68172.2890625,3057.28564453125,3.2717154026031494,60.45669937133789,74,"solid"
2020,2,"Q2",5,"2020-05",19,20200519,"2020-05-19","mex","México",80969,3710,71321,3148.71435546875,2.903148651123047,63.35984802246094,75,"solid"
2020,2,"Q2",5,"2020-05",20,20200520,"2020-05-20","mex","México",85021,4052,74587.140625,3266.142822265625,3.1707704067230225,66.5306167602539,76,"solid"
2020,2,"Q2",5,"2020-05",21,20200521,"2020-05-21","mex","México",89124,4103,77979.859375,3392.71435546875,3.210678815841675,69.74130249023438,77,"solid"
2020,2,"Q2",5,"2020-05",22,20200522,"2020-05-22","mex","México",93256,4132,81435.140625,3455.28564453125,3.2333719730377197,72.97467041015625,78,"solid"
2020,2,"Q2",5,"2020-05",23,20200523,"2020-05-23","mex","México",95672,2416,84911.2890625,3476.142822265625,1.8905678987503052,74.86524200439453,79,"solid"
2020,2,"Q2",5,"2020-05",24,20200524,"2020-05-24","mex","México",97674,2002,88425,3513.71435546875,1.566604733467102,76.43184661865234,80,"solid"
2020,2,"Q2",5,"2020-05",25,20200525,"2020-05-25","mex","México",102462,4788,92025.4296875,3600.428466796875,3.7467050552368164,80.17855072021484,81,"solid"
2020,2,"Q2",5,"2020-05",26,20200526,"2020-05-26","mex","México",106885,4423,95727.7109375,3702.28564453125,3.461085319519043,83.63963317871094,82,"solid"
2020,2,"Q2",5,"2020-05",27,20200527,"2020-05-27","mex","México",111451,4566,99503.4296875,3775.71435546875,3.5729856491088867,87.21261596679688,83,"solid"
2020,2,"Q2",5,"2020-05",28,20200528,"2020-05-28","mex","México",115761,4310,103308.7109375,3805.28564453125,3.3726606369018555,90.58528137207031,84,"solid"
2020,2,"Q2",5,"2020-05",29,20200529,"2020-05-29","mex","México",120229,4468,107162,3853.28564453125,3.4962987899780273,94.08158111572266,85,"solid"
2020,2,"Q2",5,"2020-05",30,20200530,"2020-05-30","mex","México",123051,2822,111073.2890625,3911.28564453125,2.208271026611328,96.28984832763672,86,"solid"
2020,2,"Q2",5,"2020-05",31,20200531,"2020-05-31","mex","México",125250,2199,115012.7109375,3939.428466796875,1.7207611799240112,98.01061248779297,87,"solid"
2020,2,"Q2",6,"2020-06",1,20200601,"2020-06-01","mex","México",130703,5453,119047.140625,4034.428466796875,4.267080783843994,102.27769470214844,88,"solid"
2020,2,"Q2",6,"2020-06",2,20200602,"2020-06-02","mex","México",135540,4837,123140.7109375,4093.571533203125,3.785048484802246,106.06273651123047,89,"solid"
2020,2,"Q2",6,"2020-06",3,20200603,"2020-06-03","mex","México",140613,5073,127306.7109375,4166,3.9697232246398926,110.03246307373047,90,"solid"
2020,2,"Q2",6,"2020-06",4,20200604,"2020-06-04","mex","México",145626,5013,131573.140625,4266.4287109375,3.92277193069458,113.95523834228516,91,"solid"
2020,2,"Q2",6,"2020-06",5,20200605,"2020-06-05","mex","México",150785,5159,135938.28125,4365.14306640625,4.037019729614258,117.99225616455078,92,"solid"
2020,2,"Q2",6,"2020-06",6,20200606,"2020-06-06","mex","México",153934,3149,140350.140625,4411.85693359375,2.4641549587249756,120.45641326904297,93,"solid"
2020,2,"Q2",6,"2020-06",7,20200607,"2020-06-07","mex","México",156402,2468,144800.421875,4450.28564453125,1.931259036064148,122.3876724243164,94,"solid"
2020,2,"Q2",6,"2020-06",8,20200608,"2020-06-08","mex","México",162693,6291,149370.421875,4570,4.922832489013672,127.31050109863281,95,"solid"
2020,2,"Q2",6,"2020-06",9,20200609,"2020-06-09","mex","México",168566,5873,154088.421875,4718,4.595738887786865,131.90623474121094,96,"solid"
2020,2,"Q2",6,"2020-06",10,20200610,"2020-06-10","mex","México",174392,5826,158914,4825.5712890625,4.558960437774658,136.46519470214844,97,"solid"
2020,2,"Q2",6,"2020-06",11,20200611,"2020-06-11","mex","México",179863,5471,163805,4891,4.281166076660156,140.74636840820312,98,"solid"
2020,2,"Q2",6,"2020-06",12,20200612,"2020-06-12","mex","México",185607,5744,168779.578125,4974.5712890625,4.494793891906738,145.2411651611328,99,"solid"
2020,2,"Q2",6,"2020-06",13,20200613,"2020-06-13","mex","México",188838,3231,173765.859375,4986.28564453125,2.5283215045928955,147.7694854736328,100,"solid"
2020,2,"Q2",6,"2020-06",14,20200614,"2020-06-14","mex","México",191540,2702,178785.578125,5019.71435546875,2.1143686771392822,149.88385009765625,101,"solid"
2020,2,"Q2",6,"2020-06",15,20200615,"2020-06-15","mex","México",198230,6690,183862.28125,5076.71435546875,5.235057830810547,155.11891174316406,102,"solid"
2020,2,"Q2",6,"2020-06",16,20200616,"2020-06-16","mex","México",204706,6476,189025.140625,5162.85693359375,5.067598342895508,160.18650817871094,103,"solid"
2020,2,"Q2",6,"2020-06",17,20200617,"2020-06-17","mex","México",210886,6180,194238.578125,5213.4287109375,4.835972785949707,165.02247619628906,104,"solid"
2020,2,"Q2",6,"2020-06",18,20200618,"2020-06-18","mex","México",217032,6146,199548.421875,5309.85693359375,4.8093671798706055,169.83184814453125,105,"solid"
2020,2,"Q2",6,"2020-06",19,20200619,"2020-06-19","mex","México",223194,6162,204918,5369.5712890625,4.821887493133545,174.6537322998047,106,"solid"
2020,2,"Q2",6,"2020-06",20,20200620,"2020-06-20","mex","México",226930,3736,210359.71875,5441.71435546875,2.9234941005706787,177.5772247314453,107,"solid"
2020,2,"Q2",6,"2020-06",21,20200621,"2020-06-21","mex","México",229540,2610,215788.28125,5428.5712890625,2.042376756668091,179.61959838867188,108,"solid"
2020,2,"Q2",6,"2020-06",22,20200622,"2020-06-22","mex","México",236554,7014,221263.140625,5474.85693359375,5.488594055175781,185.1082000732422,109,"solid"
2020,2,"Q2",6,"2020-06",23,20200623,"2020-06-23","mex","México",243171,6617,226758.140625,5495,5.177933692932129,190.2861328125,110,"solid"
2020,2,"Q2",6,"2020-06",24,20200624,"2020-06-24","mex","México",249540,6369,232280.140625,5522,4.9838690757751465,195.27000427246094,111,"solid"
2020,2,"Q2",6,"2020-06",25,20200625,"2020-06-25","mex","México",255882,6342,237830.140625,5550,4.962740898132324,200.2327423095703,112,"solid"
2020,2,"Q2",6,"2020-06",26,20200626,"2020-06-26","mex","México",262500,6618,243445.28125,5615.14306640625,5.17871618270874,205.4114532470703,113,"solid"
2020,2,"Q2",6,"2020-06",27,20200627,"2020-06-27","mex","México",266279,3779,249066.578125,5621.28564453125,2.9571425914764404,208.3686065673828,114,"solid"
2020,2,"Q2",6,"2020-06",28,20200628,"2020-06-28","mex","México",269344,3065,254752.859375,5686.28564453125,2.398423433303833,210.76702880859375,115,"solid"
2020,2,"Q2",6,"2020-06",29,20200629,"2020-06-29","mex","México",276907,7563,260517.578125,5764.71435546875,5.9181976318359375,216.6852264404297,116,"solid"
2020,2,"Q2",6,"2020-06",30,20200630,"2020-06-30","mex","México",284136,7229,266369.71875,5852.14306640625,5.656836032867432,222.34205627441406,117,"solid"
2020,3,"Q3",7,"2020-07",1,20200701,"2020-07-01","mex","México",291832,7696,272411.4375,6041.71435546875,6.02227258682251,228.3643341064453,118,"solid"
2020,3,"Q3",7,"2020-07",2,20200702,"2020-07-02","mex","México",298932,7100,278561.4375,6150,5.555891036987305,233.92022705078125,119,"solid"
2020,3,"Q3",7,"2020-07",3,20200703,"2020-07-03","mex","México",306053,7121,284783.28125,6221.85693359375,5.572323799133301,239.4925537109375,120,"solid"
2020,3,"Q3",7,"2020-07",4,20200704,"2020-07-04","mex","México",309813,3760,291002.4375,6219.14306640625,2.942274570465088,242.434814453125,121,"solid"
2020,3,"Q3",7,"2020-07",5,20200705,"2020-07-05","mex","México",312916,3103,297227,6224.5712890625,2.42815899848938,244.86297607421875,122,"solid"
2020,3,"Q3",7,"2020-07",6,20200706,"2020-07-06","mex","México",320799,7883,303497.28125,6270.28564453125,6.168603897094727,251.03158569335938,123,"solid"
2020,3,"Q3",7,"2020-07",7,20200707,"2020-07-07","mex","México",328726,7927,309867.28125,6370,6.2030348777771,257.234619140625,124,"solid"
2020,3,"Q3",7,"2020-07",8,20200708,"2020-07-08","mex","México",336179,7453,316202.5625,6335.28564453125,5.832120418548584,263.0667419433594,125,"solid"
2020,3,"Q3",7,"2020-07",9,20200709,"2020-07-09","mex","México",343238,7059,322532,6329.4287109375,5.523807525634766,268.5905456542969,126,"solid"
2020,3,"Q3",7,"2020-07",10,20200710,"2020-07-10","mex","México",350459,7221,328875.71875,6343.71435546875,5.650575637817383,274.2411193847656,127,"solid"
2020,3,"Q3",7,"2020-07",11,20200711,"2020-07-11","mex","México",354386,3927,335243.28125,6367.5712890625,3.072955369949341,277.3140869140625,128,"solid"
2020,3,"Q3",7,"2020-07",12,20200712,"2020-07-12","mex","México",357664,3278,341635.84375,6392.5712890625,2.5650999546051025,279.8791809082031,129,"solid"
2020,3,"Q3",7,"2020-07",13,20200713,"2020-07-13","mex","México",366591,8927,348177.5625,6541.71435546875,6.9855546951293945,286.86474609375,130,"solid"
2020,3,"Q3",7,"2020-07",14,20200714,"2020-07-14","mex","México",375054,8463,354795.84375,6618.28564453125,6.62246561050415,293.4872131347656,131,"solid"
2020,3,"Q3",7,"2020-07",15,20200715,"2020-07-15","mex","México",383918,8864,361615.71875,6819.85693359375,6.936255931854248,300.4234619140625,132,"solid"
2020,3,"Q3",7,"2020-07",16,20200716,"2020-07-16","mex","México",392184,8266,368608,6992.28564453125,6.468308925628662,306.8917541503906,133,"solid"
2020,3,"Q3",7,"2020-07",17,20200717,"2020-07-17","mex","México",400234,8050,375718.71875,7110.71435546875,6.299284934997559,313.1910400390625,134,"solid"
2020,3,"Q3",7,"2020-07",18,20200718,"2020-07-18","mex","México",404687,4453,382904.5625,7185.85693359375,3.484560966491699,316.67559814453125,135,"solid"
2020,3,"Q3",7,"2020-07",19,20200719,"2020-07-19","mex","México",408188,3501,390122.28125,7217.71435546875,2.7396020889282227,319.41522216796875,136,"solid"
2020,3,"Q3",7,"2020-07",20,20200720,"2020-07-20","mex","México",417321,9133,397369.4375,7247.14306640625,7.146753787994385,326.56195068359375,137,"solid"
2020,3,"Q3",7,"2020-07",21,20200721,"2020-07-21","mex","México",425981,8660,404644.71875,7275.28564453125,6.7766218185424805,333.3385925292969,138,"solid"
2020,3,"Q3",7,"2020-07",22,20200722,"2020-07-22","mex","México",434285,8304,411840,7195.28564453125,6.498044967651367,339.8366394042969,139,"solid"
2020,3,"Q3",7,"2020-07",23,20200723,"2020-07-23","mex","México",442382,8097,419011.15625,7171.14306640625,6.336063385009766,346.1726989746094,140,"solid"
2020,3,"Q3",7,"2020-07",24,20200724,"2020-07-24","mex","México",450411,8029,426179.28125,7168.14306640625,6.282851696014404,352.4555358886719,141,"solid"
2020,3,"Q3",7,"2020-07",25,20200725,"2020-07-25","mex","México",454622,4211,433312.84375,7133.5712890625,3.2951910495758057,355.750732421875,142,"solid"
2020,3,"Q3",7,"2020-07",26,20200726,"2020-07-26","mex","México",457692,3070,440384.84375,7072,2.4023358821868896,358.153076171875,143,"solid"
2020,3,"Q3",7,"2020-07",27,20200727,"2020-07-27","mex","México",466219,8527,447370.28125,6985.4287109375,6.672546863555908,364.82562255859375,144,"solid"
2020,3,"Q3",7,"2020-07",28,20200728,"2020-07-28","mex","México",474421,8202,454290.28125,6920,6.418227672576904,371.24383544921875,145,"solid"
2020,3,"Q3",7,"2020-07",29,20200729,"2020-07-29","mex","México",482095,7674,461120.28125,6830,6.005057334899902,377.2489013671875,146,"solid"
2020,3,"Q3",7,"2020-07",30,20200730,"2020-07-30","mex","México",489671,7576,467875.84375,6755.5712890625,5.928370475769043,383.1772766113281,147,"solid"
2020,3,"Q3",7,"2020-07",31,20200731,"2020-07-31","mex","México",496410,6739,474447.15625,6571.28564453125,5.273401260375977,388.45068359375,148,"solid"
2020,3,"Q3",8,"2020-08",1,20200801,"2020-08-01","mex","México",500244,3834,480964.5625,6517.4287109375,3.000181198120117,391.45086669921875,149,"solid"
2020,3,"Q3",8,"2020-08",2,20200802,"2020-08-02","mex","México",502807,2563,487409.5625,6445,2.005598306655884,393.4564514160156,150,"solid"
2020,3,"Q3",8,"2020-08",3,20200803,"2020-08-03","mex","México",510344,7537,493713.15625,6303.5712890625,5.897851943969727,399.35430908203125,151,"solid"
2020,3,"Q3",8,"2020-08",4,20200804,"2020-08-04","mex","México",517737,7393,499901.15625,6188,5.7851691246032715,405.13946533203125,152,"solid"
2020,3,"Q3",8,"2020-08",5,20200805,"2020-08-05","mex","México",524916,7179,506018.4375,6117.28564453125,5.617710113525391,410.7572021484375,153,"solid"
2020,3,"Q3",8,"2020-08",6,20200806,"2020-08-06","mex","México",531594,6678,512007.4375,5989,5.225667476654053,415.98284912109375,154,"solid"
2020,3,"Q3",8,"2020-08",7,20200807,"2020-08-07","mex","México",538224,6630,517980.84375,5973.4287109375,5.188106536865234,421.17095947265625,155,"solid"
2020,3,"Q3",8,"2020-08",8,20200808,"2020-08-08","mex","México",541906,3682,523932.5625,5951.71435546875,2.8812379837036133,424.05218505859375,156,"solid"
2020,3,"Q3",8,"2020-08",9,20200809,"2020-08-09","mex","México",544348,2442,529867,5934.4287109375,1.9109134674072266,425.9631042480469,157,"solid"
2020,3,"Q3",8,"2020-08",10,20200810,"2020-08-10","mex","México",551619,7271,535763.4375,5896.4287109375,5.689702033996582,431.6528015136719,158,"solid"
2020,3,"Q3",8,"2020-08",11,20200811,"2020-08-11","mex","México",558500,6881,541586.6875,5823.28564453125,5.384519100189209,437.0373229980469,159,"solid"
2020,3,"Q3",8,"2020-08",12,20200812,"2020-08-12","mex","México",565001,6501,547313.125,5726.4287109375,5.087161540985107,442.1244812011719,160,"solid"
2020,3,"Q3",8,"2020-08",13,20200813,"2020-08-13","mex","México",571457,6456,553007.875,5694.71435546875,5.051948070526123,447.17645263671875,161,"solid"
2020,3,"Q3",8,"2020-08",14,20200814,"2020-08-14","mex","México",577676,6219,558643.875,5636,4.866490840911865,452.0429382324219,162,"solid"
2020,3,"Q3",8,"2020-08",15,20200815,"2020-08-15","mex","México",580931,3255,564218.875,5575,2.547102212905884,454.59002685546875,163,"solid"
2020,3,"Q3",8,"2020-08",16,20200816,"2020-08-16","mex","México",583271,2340,569779.3125,5560.4287109375,1.8310964107513428,456.421142578125,164,"solid"
2020,3,"Q3",8,"2020-08",17,20200817,"2020-08-17","mex","México",590174,6903,575287.125,5507.85693359375,5.401734352111816,461.8228759765625,165,"solid"
2020,3,"Q3",8,"2020-08",18,20200818,"2020-08-18","mex","México",596906,6732,580773.6875,5486.5712890625,5.267923831939697,467.0907897949219,166,"solid"
2020,3,"Q3",8,"2020-08",19,20200819,"2020-08-19","mex","México",603205,6299,586231.4375,5457.71435546875,4.9290924072265625,472.0198974609375,167,"solid"
2020,3,"Q3",8,"2020-08",20,20200820,"2020-08-20","mex","México",609236,6031,591628.4375,5397,4.719377040863037,476.7392578125,168,"solid"
2020,3,"Q3",8,"2020-08",21,20200821,"2020-08-21","mex","México",615543,6307,597038,5409.5712890625,4.935352802276611,481.67462158203125,169,"solid"
2020,3,"Q3",8,"2020-08",22,20200822,"2020-08-22","mex","México",618706,3163,602434.4375,5396.4287109375,2.4751102924346924,484.14971923828125,170,"solid"
2020,3,"Q3",8,"2020-08",23,20200823,"2020-08-23","mex","México",621062,2356,607833.125,5398.71435546875,1.8436167240142822,485.99334716796875,171,"solid"
2020,3,"Q3",8,"2020-08",24,20200824,"2020-08-24","mex","México",628161,7099,613259.875,5426.71435546875,5.555108547210693,491.5484619140625,172,"solid"
2020,3,"Q3",8,"2020-08",25,20200825,"2020-08-25","mex","México",634858,6697,618681.5625,5421.71435546875,5.240535259246826,496.7889709472656,173,"solid"
2020,3,"Q3",8,"2020-08",26,20200826,"2020-08-26","mex","México",641895,7037,624208.6875,5527.14306640625,5.506592273712158,502.2955627441406,174,"solid"
2020,3,"Q3",8,"2020-08",27,20200827,"2020-08-27","mex","México",648436,6541,629808.6875,5600,5.118462085723877,507.4140319824219,175,"solid"
2020,3,"Q3",8,"2020-08",28,20200828,"2020-08-28","mex","México",654773,6337,635413,5604.28564453125,4.958828449249268,512.3728637695312,176,"solid"
2020,3,"Q3",8,"2020-08",29,20200829,"2020-08-29","mex","México",657940,3167,641017.875,5604.85693359375,2.4782402515411377,514.8511352539062,177,"solid"
2020,3,"Q3",8,"2020-08",30,20200830,"2020-08-30","mex","México",660185,2245,646606.875,5589,1.7567570209503174,516.6078491210938,178,"solid"
2020,3,"Q3",8,"2020-08",31,20200831,"2020-08-31","mex","México",667229,7044,652188,5581.14306640625,5.5120697021484375,522.1199340820312,179,"solid"
2020,3,"Q3",9,"2020-09",1,20200901,"2020-09-01","mex","México",674384,7155,657834.5625,5646.5712890625,5.598929405212402,527.7188720703125,180,"solid"
2020,3,"Q3",9,"2020-09",2,20200902,"2020-09-02","mex","México",681305,6921,663464.5625,5630,5.4158196449279785,533.1347045898438,181,"solid"
2020,3,"Q3",9,"2020-09",3,20200903,"2020-09-03","mex","México",687605,6300,669060.125,5595.5712890625,4.929874897003174,538.0645751953125,182,"solid"
2020,3,"Q3",9,"2020-09",4,20200904,"2020-09-04","mex","México",693646,6041,674613.4375,5553.28564453125,4.727202415466309,542.791748046875,183,"solid"
2020,3,"Q3",9,"2020-09",5,20200905,"2020-09-05","mex","México",696552,2906,680129.4375,5516,2.27400279045105,545.0657348632812,184,"solid"
2020,3,"Q3",9,"2020-09",6,20200906,"2020-09-06","mex","México",698650,2098,685624.4375,5495,1.6417266130447388,546.70751953125,185,"solid"
2020,3,"Q3",9,"2020-09",7,20200907,"2020-09-07","mex","México",705078,6428,691031.4375,5407,5.0300374031066895,551.737548828125,186,"solid"
2020,3,"Q3",9,"2020-09",8,20200908,"2020-09-08","mex","México",711707,6629,696363.3125,5331.85693359375,5.187324047088623,556.9248657226562,187,"solid"
2020,3,"Q3",9,"2020-09",9,20200909,"2020-09-09","mex","México",717772,6065,701572.875,5209.5712890625,4.745982646942139,561.6708374023438,188,"solid"
2020,3,"Q3",9,"2020-09",10,20200910,"2020-09-10","mex","México",723479,5707,706697.6875,5124.85693359375,4.465840816497803,566.1366577148438,189,"solid"
2020,3,"Q3",9,"2020-09",11,20200911,"2020-09-11","mex","México",728985,5506,711746.125,5048.4287109375,4.308554172515869,570.4452514648438,190,"solid"
2020,3,"Q3",9,"2020-09",12,20200912,"2020-09-12","mex","México",731800,2815,716781.5625,5035.4287109375,2.2027933597564697,572.6480102539062,191,"solid"
2020,3,"Q3",9,"2020-09",13,20200913,"2020-09-13","mex","México",733718,1918,721791.3125,5009.71435546875,1.50087308883667,574.14892578125,192,"solid"
2020,3,"Q3",9,"2020-09",14,20200914,"2020-09-14","mex","México",739991,6273,726778.875,4987.5712890625,4.90874719619751,579.0576171875,193,"solid"
2020,3,"Q3",9,"2020-09",15,20200915,"2020-09-15","mex","México",744363,4372,731444,4665.14306640625,3.4211766719818115,582.4788208007812,194,"solid"
2020,3,"Q3",9,"2020-09",16,20200916,"2020-09-16","mex","México",746614,2251,735564.3125,4120.28564453125,1.7614521980285645,584.2402954101562,195,"solid"
2020,3,"Q3",9,"2020-09",17,20200917,"2020-09-17","mex","México",753030,6416,739785.875,4221.5712890625,5.0206475257873535,589.2609252929688,196,"solid"
2020,3,"Q3",9,"2020-09",18,20200918,"2020-09-18","mex","México",758644,5614,744022.875,4237,4.39306640625,593.6539916992188,197,"solid"
2020,3,"Q3",9,"2020-09",19,20200919,"2020-09-19","mex","México",761466,2822,748260.875,4238,2.208271026611328,595.8622436523438,198,"solid"
2020,3,"Q3",9,"2020-09",20,20200920,"2020-09-20","mex","México",763331,1865,752491.3125,4230.4287109375,1.4593994617462158,597.3216552734375,199,"solid"
2020,3,"Q3",9,"2020-09",21,20200921,"2020-09-21","mex","México",769654,6323,756728.875,4237.5712890625,4.947873115539551,602.26953125,200,"solid"
2020,3,"Q3",9,"2020-09",22,20200922,"2020-09-22","mex","México",775831,6177,761224.3125,4495.4287109375,4.833625316619873,607.1031494140625,201,"solid"
2020,3,"Q3",9,"2020-09",23,20200923,"2020-09-23","mex","México",781665,5834,766231.5625,5007.28564453125,4.565220832824707,611.6683959960938,202,"solid"
2020,3,"Q3",9,"2020-09",24,20200924,"2020-09-24","mex","México",787073,5408,771094.875,4863.28564453125,4.23186731338501,615.9002685546875,203,"solid"
2020,3,"Q3",9,"2020-09",25,20200925,"2020-09-25","mex","México",792360,5287,775911.4375,4816.5712890625,4.137182235717773,620.0374145507812,204,"solid"
2020,3,"Q3",9,"2020-09",26,20200926,"2020-09-26","mex","México",795031,2671,780706.4375,4795,2.0901105403900146,622.1275634765625,205,"solid"
2020,3,"Q3",9,"2020-09",27,20200927,"2020-09-27","mex","México",796871,1840,785497.875,4791.4287109375,1.4398365020751953,623.5673828125,206,"solid"
2020,3,"Q3",9,"2020-09",28,20200928,"2020-09-28","mex","México",803175,6304,790286.5625,4788.71435546875,4.933005332946777,628.5003662109375,207,"solid"
2020,3,"Q3",9,"2020-09",29,20200929,"2020-09-29","mex","México",809139,5964,795044.875,4758.28564453125,4.666948318481445,633.1672973632812,208,"solid"
2020,3,"Q3",9,"2020-09",30,20200930,"2020-09-30","mex","México",814697,5558,799763.6875,4718.85693359375,4.349245071411133,637.5166015625,209,"solid"
2020,4,"Q4",10,"2020-10",1,20201001,"2020-10-01","mex","México",819990,5293,804466.125,4702.4287109375,4.1418776512146,641.658447265625,210,"solid"
2020,4,"Q4",10,"2020-10",2,20201002,"2020-10-02","mex","México",824996,5006,809128.4375,4662.28564453125,3.9172942638397217,645.5757446289062,211,"solid"
2020,4,"Q4",10,"2020-10",3,20201003,"2020-10-03","mex","México",827454,2458,813760.3125,4631.85693359375,1.923433780670166,647.4992065429688,212,"solid"
2020,4,"Q4",10,"2020-10",4,20201004,"2020-10-04","mex","México",829223,1769,818382,4621.71435546875,1.384277582168579,648.8834838867188,213,"solid"
2020,4,"Q4",10,"2020-10",5,20201005,"2020-10-05","mex","México",835157,5934,822950.875,4568.85693359375,4.643472671508789,653.5269165039062,214,"solid"
2020,4,"Q4",10,"2020-10",6,20201006,"2020-10-06","mex","México",841113,5956,827518.5625,4567.71435546875,4.660688400268555,658.1876220703125,215,"solid"
2020,4,"Q4",10,"2020-10",7,20201007,"2020-10-07","mex","México",846888,5775,832117.3125,4598.71435546875,4.519052028656006,662.7066650390625,216,"solid"
2020,4,"Q4",10,"2020-10",8,20201008,"2020-10-08","mex","México",852401,5513,836747.4375,4630.14306640625,4.314032077789307,667.0206909179688,217,"solid"
2020,4,"Q4",10,"2020-10",9,20201009,"2020-10-09","mex","México",858067,5666,841471.875,4724.4287109375,4.433757305145264,671.4544677734375,218,"solid"
2020,4,"Q4",10,"2020-10",10,20201010,"2020-10-10","mex","México",861109,3042,846279.6875,4807.85693359375,2.380425453186035,673.8348999023438,219,"solid"
2020,4,"Q4",10,"2020-10",11,20201011,"2020-10-11","mex","México",863327,2218,851151.6875,4872,1.7356289625167847,675.5704956054688,220,"solid"
2020,4,"Q4",10,"2020-10",12,20201012,"2020-10-12","mex","México",870154,6827,856151.3125,4999.5712890625,5.342263221740723,680.9127807617188,221,"solid"
2020,4,"Q4",10,"2020-10",13,20201013,"2020-10-13","mex","México",877289,7135,861319.3125,5168,5.583279132843018,686.4960327148438,222,"solid"
2020,4,"Q4",10,"2020-10",14,20201014,"2020-10-14","mex","México",883765,6476,866587.4375,5268.14306640625,5.067598342895508,691.5636596679688,223,"solid"
2020,4,"Q4",10,"2020-10",15,20201015,"2020-10-15","mex","México",890231,6466,871991.6875,5404.28564453125,5.0597734451293945,696.6234130859375,224,"solid"
2020,4,"Q4",10,"2020-10",16,20201016,"2020-10-16","mex","México",896846,6615,877531.5625,5539.85693359375,5.176368713378906,701.7998046875,225,"solid"
2020,4,"Q4",10,"2020-10",17,20201017,"2020-10-17","mex","México",900200,3354,883116,5584.4287109375,2.6245715618133545,704.4243774414062,226,"solid"
2020,4,"Q4",10,"2020-10",18,20201018,"2020-10-18","mex","México",902569,2369,888722,5606,1.8537895679473877,706.2781372070312,227,"solid"
2020,4,"Q4",10,"2020-10",19,20201019,"2020-10-19","mex","México",910802,8233,894528.875,5806.85693359375,6.442485809326172,712.7206420898438,228,"solid"
2020,4,"Q4",10,"2020-10",20,20201020,"2020-10-20","mex","México",919196,8394,900515.5625,5986.71435546875,6.568471431732178,719.2891235351562,229,"solid"
2020,4,"Q4",10,"2020-10",21,20201021,"2020-10-21","mex","México",926616,7420,906637.125,6121.5712890625,5.806297302246094,725.0953979492188,230,"solid"
2020,4,"Q4",10,"2020-10",22,20201022,"2020-10-22","mex","México",933912,7296,912877.3125,6240.14306640625,5.709264755249023,730.8046875,231,"solid"
2020,4,"Q4",10,"2020-10",23,20201023,"2020-10-23","mex","México",941147,7235,919206,6328.71435546875,5.6615309715271,736.4661865234375,232,"solid"
2020,4,"Q4",10,"2020-10",24,20201024,"2020-10-24","mex","México",944650,3503,925556,6350,2.7411670684814453,739.2073974609375,233,"solid"
2020,4,"Q4",10,"2020-10",25,20201025,"2020-10-25","mex","México",947124,2474,931921,6365,1.9359540939331055,741.143310546875,234,"solid"
2020,4,"Q4",10,"2020-10",26,20201026,"2020-10-26","mex","México",955535,8411,938311.4375,6390.4287109375,6.5817742347717285,747.72509765625,235,"solid"
2020,4,"Q4",10,"2020-10",27,20201027,"2020-10-27","mex","México",963484,7949,944638.3125,6326.85693359375,6.220250129699707,753.9453735351562,236,"solid"
2020,4,"Q4",10,"2020-10",28,20201028,"2020-10-28","mex","México",970669,7185,950931.5625,6293.28564453125,5.622405052185059,759.5677490234375,237,"solid"
2020,4,"Q4",10,"2020-10",29,20201029,"2020-10-29","mex","México",977542,6873,957164.4375,6232.85693359375,5.37825870513916,764.946044921875,238,"solid"
2020,4,"Q4",10,"2020-10",30,20201030,"2020-10-30","mex","México",983826,6284,963261.4375,6097,4.917354583740234,769.8633422851562,239,"solid"
2020,4,"Q4",10,"2020-10",31,20201031,"2020-10-31","mex","México",986845,3019,969289.3125,6027.85693359375,2.3624274730682373,772.2257690429688,240,"solid"
2020,4,"Q4",11,"2020-11",1,20201101,"2020-11-01","mex","México",989017,2172,975274,5984.71435546875,1.6996331214904785,773.9254150390625,241,"solid"
2020,4,"Q4",11,"2020-11",2,20201102,"2020-11-02","mex","México",994188,5171,980795.875,5521.85693359375,4.046410083770752,777.9718627929688,242,"solid"
2020,4,"Q4",11,"2020-11",3,20201103,"2020-11-03","mex","México",1002275,8087,986337.4375,5541.5712890625,6.328238010406494,784.300048828125,243,"solid"
2020,4,"Q4",11,"2020-11",4,20201104,"2020-11-04","mex","México",1009912,7637,991943.5625,5606.14306640625,5.976104259490967,790.2761840820312,244,"solid"
2020,4,"Q4",11,"2020-11",5,20201105,"2020-11-05","mex","México",1017469,7557,997647.4375,5703.85693359375,5.9135026931762695,796.189697265625,245,"solid"
2020,4,"Q4",11,"2020-11",6,20201106,"2020-11-06","mex","México",1024567,7098,1003467.5625,5820.14306640625,5.554326057434082,801.7440185546875,246,"solid"
2020,4,"Q4",11,"2020-11",7,20201107,"2020-11-07","mex","México",1028112,3545,1009362.875,5895.28564453125,2.7740328311920166,804.51806640625,247,"solid"
2020,4,"Q4",11,"2020-11",8,20201108,"2020-11-08","mex","México",1030764,2652,1015326.6875,5963.85693359375,2.075242519378662,806.59326171875,248,"solid"
2020,4,"Q4",11,"2020-11",9,20201109,"2020-11-09","mex","México",1039738,8974,1021833.875,6507.14306640625,7.022333145141602,813.6156005859375,249,"solid"
2020,4,"Q4",11,"2020-11",10,20201110,"2020-11-10","mex","México",1048677,8939,1028462.6875,6628.85693359375,6.994945049285889,820.6105346679688,250,"solid"
2020,4,"Q4",11,"2020-11",11,20201111,"2020-11-11","mex","México",1057035,8358,1035194.5625,6731.85693359375,6.5403008460998535,827.15087890625,251,"solid"
2020,4,"Q4",11,"2020-11",12,20201112,"2020-11-12","mex","México",1065186,8151,1042011.3125,6816.71435546875,6.378319263458252,833.5291748046875,252,"solid"
2020,4,"Q4",11,"2020-11",13,20201113,"2020-11-13","mex","México",1072767,7581,1048897,6885.71435546875,5.9322829246521,839.4614868164062,253,"solid"
2020,4,"Q4",11,"2020-11",14,20201114,"2020-11-14","mex","México",1076675,3908,1055834.625,6937.5712890625,3.0580875873565674,842.51953125,254,"solid"
2020,4,"Q4",11,"2020-11",15,20201115,"2020-11-15","mex","México",1079316,2641,1062770.625,6936,2.0666348934173584,844.586181640625,255,"solid"
2020,4,"Q4",11,"2020-11",16,20201116,"2020-11-16","mex","México",1082629,3313,1068897.875,6127.28564453125,2.5924882888793945,847.1786499023438,256,"solid"
2020,4,"Q4",11,"2020-11",17,20201117,"2020-11-17","mex","México",1092254,9625,1075123.125,6225.28564453125,7.5317535400390625,854.71044921875,257,"solid"
2020,4,"Q4",11,"2020-11",18,20201118,"2020-11-18","mex","México",1100973,8719,1081400,6276.85693359375,6.822790622711182,861.533203125,258,"solid"
2020,4,"Q4",11,"2020-11",19,20201119,"2020-11-19","mex","México",1109188,8215,1087686,6286,6.42840051651001,867.9616088867188,259,"solid"
2020,4,"Q4",11,"2020-11",20,20201120,"2020-11-20","mex","México",1117583,8395,1094088.25,6402.28564453125,6.569253921508789,874.5308837890625,260,"solid"
2020,4,"Q4",11,"2020-11",21,20201121,"2020-11-21","mex","México",1121803,4220,1100535.125,6446.85693359375,3.3022336959838867,877.8331298828125,261,"solid"
2020,4,"Q4",11,"2020-11",22,20201122,"2020-11-22","mex","México",1124588,2785,1107002.625,6467.4287109375,2.1793177127838135,880.012451171875,262,"solid"
2020,4,"Q4",11,"2020-11",23,20201123,"2020-11-23","mex","México",1134949,10361,1114476.875,7474.28564453125,8.107687950134277,888.1201171875,263,"solid"
2020,4,"Q4",11,"2020-11",24,20201124,"2020-11-24","mex","México",1145236,10287,1122045.75,7568.85693359375,8.049781799316406,896.169921875,264,"solid"
2020,4,"Q4",11,"2020-11",25,20201125,"2020-11-25","mex","México",1154822,9586,1129738.375,7692.71435546875,7.501235485076904,903.671142578125,265,"solid"
2020,4,"Q4",11,"2020-11",26,20201126,"2020-11-26","mex","México",1164422,9600,1137629,7890.5712890625,7.512190341949463,911.183349609375,266,"solid"
2020,4,"Q4",11,"2020-11",27,20201127,"2020-11-27","mex","México",1174040,9618,1145694.25,8065.28564453125,7.526276111602783,918.7095947265625,267,"solid"
2020,4,"Q4",11,"2020-11",28,20201128,"2020-11-28","mex","México",1178936,4896,1153856.125,8161.85693359375,3.831217050552368,922.5408325195312,268,"solid"
2020,4,"Q4",11,"2020-11",29,20201129,"2020-11-29","mex","México",1181949,3013,1162050.625,8194.4287109375,2.3577322959899902,924.8985595703125,269,"solid"
2020,4,"Q4",11,"2020-11",30,20201130,"2020-11-30","mex","México",1192883,10934,1170326.875,8276.2861328125,8.556072235107422,933.4546508789062,270,"solid"
2020,4,"Q4",12,"2020-12",1,20201201,"2020-12-01","mex","México",1204516,11633,1178795.375,8468.5712890625,9.103053092956543,942.5576782226562,271,"solid"
2020,4,"Q4",12,"2020-12",2,20201202,"2020-12-02","mex","México",1215982,11466,1187532.625,8737.142578125,8.972373008728027,951.530029296875,272,"solid"
2020,4,"Q4",12,"2020-12",3,20201203,"2020-12-03","mex","México",1227201,11219,1196501,8968.4287109375,8.77908992767334,960.3091430664062,273,"solid"
2020,4,"Q4",12,"2020-12",4,20201204,"2020-12-04","mex","México",1238116,10915,1205654.75,9153.7138671875,8.541204452514648,968.850341796875,274,"solid"
2020,4,"Q4",12,"2020-12",5,20201205,"2020-12-05","mex","México",1244114,5998,1214965.875,9311.142578125,4.693553924560547,973.5438842773438,275,"solid"
2020,4,"Q4",12,"2020-12",6,20201206,"2020-12-06","mex","México",1247292,3178,1224300.625,9334.7138671875,2.4868481159210205,976.03076171875,276,"solid"
2020,4,"Q4",12,"2020-12",7,20201207,"2020-12-07","mex","México",1260402,13110,1233946.125,9645.5712890625,10.258834838867188,986.28955078125,277,"solid"
2020,4,"Q4",12,"2020-12",8,20201208,"2020-12-08","mex","México",1273409,13007,1243788,9841.857421875,10.17823600769043,996.4678344726562,278,"solid"
2020,4,"Q4",12,"2020-12",9,20201209,"2020-12-09","mex","México",1285911,12502,1253777.875,9989.857421875,9.783062934875488,1006.2508544921875,279,"solid"
2020,4,"Q4",12,"2020-12",10,20201210,"2020-12-10","mex","México",1298667,12756,1263987.25,10209.4287109375,9.981822967529297,1016.2327270507812,280,"solid"
2020,4,"Q4",12,"2020-12",11,20201211,"2020-12-11","mex","México",1311166,12499,1274423,10435.7138671875,9.780715942382812,1026.013427734375,281,"solid"
2020,4,"Q4",12,"2020-12",12,20201212,"2020-12-12","mex","México",1318068,6902,1284987.875,10564.857421875,5.400951862335205,1031.4144287109375,282,"solid"
2020,4,"Q4",12,"2020-12",13,20201213,"2020-12-13","mex","México",1321490,3422,1295587.625,10599.7138671875,2.6777830123901367,1034.0921630859375,283,"solid"
2020,4,"Q4",12,"2020-12",14,20201214,"2020-12-14","mex","México",1335871,14381,1306368.875,10781.2861328125,11.25341796875,1045.3455810546875,284,"solid"
2020,4,"Q4",12,"2020-12",15,20201215,"2020-12-15","mex","México",1349917,14046,1317298.625,10929.7138671875,10.991273880004883,1056.3367919921875,285,"solid"
2020,4,"Q4",12,"2020-12",16,20201216,"2020-12-16","mex","México",1363248,13331,1328346.75,11048.142578125,10.431772232055664,1066.7685546875,286,"solid"
2020,4,"Q4",12,"2020-12",17,20201217,"2020-12-17","mex","México",1376048,12800,1339401.125,11054.4287109375,10.016254425048828,1076.784912109375,287,"solid"
2020,4,"Q4",12,"2020-12",18,20201218,"2020-12-18","mex","México",1388599,12551,1350463,11061.857421875,9.821406364440918,1086.6063232421875,288,"solid"
2020,4,"Q4",12,"2020-12",19,20201219,"2020-12-19","mex","México",1395215,6616,1361484,11021,5.177151203155518,1091.783447265625,289,"solid"
2020,4,"Q4",12,"2020-12",20,20201220,"2020-12-20","mex","México",1399014,3799,1372558.875,11074.857421875,2.972792863845825,1094.7562255859375,290,"solid"
2020,4,"Q4",12,"2020-12",21,20201221,"2020-12-21","mex","México",1413490,14476,1383647.25,11088.4287109375,11.327756881713867,1106.083984375,291,"solid"
2020,4,"Q4",12,"2020-12",22,20201222,"2020-12-22","mex","México",1427377,13887,1394713,11065.7138671875,10.866852760314941,1116.9508056640625,292,"solid"
2020,4,"Q4",12,"2020-12",23,20201223,"2020-12-23","mex","México",1440200,12823,1405706.125,10993.142578125,10.034252166748047,1126.985107421875,293,"solid"
2020,4,"Q4",12,"2020-12",24,20201224,"2020-12-24","mex","México",1450680,10480,1416367.875,10661.7138671875,8.200807571411133,1135.1859130859375,294,"solid"
2020,4,"Q4",12,"2020-12",25,20201225,"2020-12-25","mex","México",1453415,2735,1425627.25,9259.4287109375,2.1401917934417725,1137.3260498046875,295,"solid"
2020,4,"Q4",12,"2020-12",26,20201226,"2020-12-26","mex","México",1459348,5933,1434789.125,9161.857421875,4.642690181732178,1141.96875,296,"solid"
2020,4,"Q4",12,"2020-12",27,20201227,"2020-12-27","mex","México",1463745,4397,1444036.375,9247.2861328125,3.440739870071411,1145.4095458984375,297,"solid"
2020,4,"Q4",12,"2020-12",28,20201228,"2020-12-28","mex","México",1479969,16224,1453533.375,9497,12.695602416992188,1158.1051025390625,298,"solid"
2020,4,"Q4",12,"2020-12",29,20201229,"2020-12-29","mex","México",1496068,16099,1463346.375,9813,12.597786903381348,1170.702880859375,299,"solid"
2020,4,"Q4",12,"2020-12",30,20201230,"2020-12-30","mex","México",1510796,14728,1473431.625,10085.142578125,11.524951934814453,1182.2279052734375,300,"solid"
2020,4,"Q4",12,"2020-12",31,20201231,"2020-12-31","mex","México",1522879,12083,1483745.75,10314.142578125,9.45518684387207,1191.6829833984375,301,"solid"
2021,1,"Q1",1,"2021-01",1,20210101,"2021-01-01","mex","México",1526237,3358,1494148.875,10403.142578125,2.627701759338379,1194.310791015625,302,"solid"
2021,1,"Q1",1,"2021-01",2,20210102,"2021-01-02","mex","México",1533150,6913,1504692,10543.142578125,5.409559726715088,1199.7203369140625,303,"solid"
2021,1,"Q1",1,"2021-01",3,20210103,"2021-01-03","mex","México",1538322,5172,1515345.875,10653.857421875,4.047192573547363,1203.7674560546875,304,"solid"
2021,1,"Q1",1,"2021-01",4,20210104,"2021-01-04","mex","México",1556503,18181,1526279.25,10933.4287109375,14.226993560791016,1217.9945068359375,305,"solid"
2021,1,"Q1",1,"2021-01",5,20210105,"2021-01-05","mex","México",1575242,18739,1537589.875,11310.5712890625,14.663639068603516,1232.6580810546875,306,"solid"
2021,1,"Q1",1,"2021-01",6,20210106,"2021-01-06","mex","México",1593654,18412,1549426.75,11836.857421875,14.407755851745605,1247.06591796875,307,"solid"
2021,1,"Q1",1,"2021-01",7,20210107,"2021-01-07","mex","México",1612334,18680,1562206,12779.2861328125,14.617470741271973,1261.683349609375,308,"solid"
2021,1,"Q1",1,"2021-01",8,20210108,"2021-01-08","mex","México",1630948,18614,1577164.75,14958.7138671875,14.565824508666992,1276.2491455078125,309,"solid"
2021,1,"Q1",1,"2021-01",9,20210109,"2021-01-09","mex","México",1640776,9828,1592539.875,15375.142578125,7.690605163574219,1283.9398193359375,310,"solid"
2021,1,"Q1",1,"2021-01",10,20210110,"2021-01-10","mex","México",1646378,5602,1607976.375,15436.5712890625,4.383676052093506,1288.323486328125,311,"solid"
2021,1,"Q1",1,"2021-01",11,20210111,"2021-01-11","mex","México",1667180,20802,1623787.375,15811,16.277976989746094,1304.6014404296875,312,"solid"
2021,1,"Q1",1,"2021-01",12,20210112,"2021-01-12","mex","México",1686728,19548,1639714,15926.5712890625,15.296697616577148,1319.898193359375,313,"solid"
2021,1,"Q1",1,"2021-01",13,20210113,"2021-01-13","mex","México",1705194,18466,1655648.25,15934.2861328125,14.450011253356934,1334.34814453125,314,"solid"
2021,1,"Q1",1,"2021-01",14,20210114,"2021-01-14","mex","México",1723429,18235,1671519,15870.7138671875,14.269248962402344,1348.617431640625,315,"solid"
2021,1,"Q1",1,"2021-01",15,20210115,"2021-01-15","mex","México",1740881,17452,1687223.75,15704.7138671875,13.656536102294922,1362.27392578125,316,"solid"
2021,1,"Q1",1,"2021-01",16,20210116,"2021-01-16","mex","México",1750329,9448,1702874.125,15650.4287109375,7.393247604370117,1369.667236328125,317,"solid"
2021,1,"Q1",1,"2021-01",17,20210117,"2021-01-17","mex","México",1755568,5239,1718472.75,15598.5712890625,4.099621295928955,1373.766845703125,318,"solid"
2021,1,"Q1",1,"2021-01",18,20210118,"2021-01-18","mex","México",1774965,19397,1733870.625,15397.857421875,15.178537368774414,1388.9453125,319,"solid"
2021,1,"Q1",1,"2021-01",19,20210119,"2021-01-19","mex","México",1793810,18845,1749168,15297.4287109375,14.746586799621582,1403.69189453125,320,"solid"
2021,1,"Q1",1,"2021-01",20,20210120,"2021-01-20","mex","México",1811259,17449,1764320.125,15152.142578125,13.654189109802246,1417.3460693359375,321,"solid"
2021,1,"Q1",1,"2021-01",21,20210121,"2021-01-21","mex","México",1828129,16870,1779277.25,14957.142578125,13.201109886169434,1430.5472412109375,322,"solid"
2021,1,"Q1",1,"2021-01",22,20210122,"2021-01-22","mex","México",1844529,16400,1794084.125,14806.857421875,12.833325386047363,1443.3804931640625,323,"solid"
2021,1,"Q1",1,"2021-01",23,20210123,"2021-01-23","mex","México",1853249,8720,1808787,14702.857421875,6.823573112487793,1450.2041015625,324,"solid"
2021,1,"Q1",1,"2021-01",24,20210124,"2021-01-24","mex","México",1857969,4720,1823415.75,14628.7138671875,3.693493604660034,1453.8975830078125,325,"solid"
2021,1,"Q1",1,"2021-01",25,20210125,"2021-01-25","mex","México",1875956,17987,1837843,14427.2861328125,14.07518482208252,1467.9727783203125,326,"solid"
2021,1,"Q1",1,"2021-01",26,20210126,"2021-01-26","mex","México",1892944,16988,1852005,14162,13.293447494506836,1481.2662353515625,327,"solid"
2021,1,"Q1",1,"2021-01",27,20210127,"2021-01-27","mex","México",1907891,14947,1865809.625,13804.5712890625,11.696324348449707,1492.9625244140625,328,"solid"
2021,1,"Q1",1,"2021-01",28,20210128,"2021-01-28","mex","México",1921937,14046,1879210.75,13401.142578125,10.991273880004883,1503.953857421875,329,"solid"
2021,1,"Q1",1,"2021-01",29,20210129,"2021-01-29","mex","México",1934310,12373,1892036.625,12825.857421875,9.68211841583252,1513.635986328125,330,"solid"
2021,1,"Q1",1,"2021-01",30,20210130,"2021-01-30","mex","México",1941085,6775,1904584.625,12548,5.301571846008301,1518.9375,331,"solid"
2021,1,"Q1",1,"2021-01",31,20210131,"2021-01-31","mex","México",1944772,3687,1916985,12400.4287109375,2.885150671005249,1521.8226318359375,332,"solid"
2021,1,"Q1",2,"2021-02",1,20210201,"2021-02-01","mex","México",1949443,4671,1927483.125,10498.142578125,3.6551501750946045,1525.477783203125,333,"solid"
2021,1,"Q1",2,"2021-02",2,20210202,"2021-02-02","mex","México",1962935,13492,1937481.875,9998.7138671875,10.557757377624512,1536.03564453125,334,"solid"
2021,1,"Q1",2,"2021-02",3,20210203,"2021-02-03","mex","México",1974926,11991,1947058.25,9576.4287109375,9.383195877075195,1545.4188232421875,335,"solid"
2021,1,"Q1",2,"2021-02",4,20210204,"2021-02-04","mex","México",1985863,10937,1956190.625,9132.2861328125,8.558419227600098,1553.9771728515625,336,"solid"
2021,1,"Q1",2,"2021-02",5,20210205,"2021-02-05","mex","México",1996066,10203,1965012.875,8822.2861328125,7.9840497970581055,1561.9613037109375,337,"solid"
2021,1,"Q1",2,"2021-02",6,20210206,"2021-02-06","mex","México",2001379,5313,1973626.25,8613.4287109375,4.157527923583984,1566.1187744140625,338,"solid"
2021,1,"Q1",2,"2021-02",7,20210207,"2021-02-07","mex","México",2004130,2751,1982106,8479.7138671875,2.152712106704712,1568.271484375,339,"solid"
2021,1,"Q1",2,"2021-02",8,20210208,"2021-02-08","mex","México",2015752,11622,1991578.75,9472.7138671875,9.09444522857666,1577.365966796875,340,"solid"
2021,1,"Q1",2,"2021-02",9,20210209,"2021-02-09","mex","México",2025059,9307,2000453.625,8874.857421875,7.282912254333496,1584.6488037109375,341,"solid"
2021,1,"Q1",2,"2021-02",10,20210210,"2021-02-10","mex","México",2033690,8631,2008848.375,8394.857421875,6.7539286613464355,1591.40283203125,342,"solid"
2021,1,"Q1",2,"2021-02",11,20210211,"2021-02-11","mex","México",2041546,7856,2016803.125,7954.71435546875,6.147475719451904,1597.55029296875,343,"solid"
2021,1,"Q1",2,"2021-02",12,20210212,"2021-02-12","mex","México",2049232,7686,2024398.25,7595.14306640625,6.0144476890563965,1603.564697265625,344,"solid"
2021,1,"Q1",2,"2021-02",13,20210213,"2021-02-13","mex","México",2053231,3999,2031805.75,7407.4287109375,3.1292967796325684,1606.6939697265625,345,"solid"
2021,1,"Q1",2,"2021-02",14,20210214,"2021-02-14","mex","México",2055390,2159,2039128.625,7322.85693359375,1.6894603967666626,1608.3834228515625,346,"solid"
2021,1,"Q1",2,"2021-02",15,20210215,"2021-02-15","mex","México",2063653,8263,2045971.625,6843,6.465961456298828,1614.8494873046875,347,"solid"
2021,1,"Q1",2,"2021-02",16,20210216,"2021-02-16","mex","México",2071406,7753,2052592.625,6621,6.066876411437988,1620.916259765625,348,"solid"
2021,1,"Q1",2,"2021-02",17,20210217,"2021-02-17","mex","México",2078442,7036,2058985.75,6393.14306640625,5.505809783935547,1626.422119140625,349,"solid"
2021,1,"Q1",2,"2021-02",18,20210218,"2021-02-18","mex","México",2085412,6970,2065252.25,6266.5712890625,5.454163551330566,1631.876220703125,350,"solid"
2021,1,"Q1",2,"2021-02",19,20210219,"2021-02-19","mex","México",2092155,6743,2071384.125,6131.85693359375,5.276531219482422,1637.15283203125,351,"solid"
2021,1,"Q1",2,"2021-02",20,20210220,"2021-02-20","mex","México",2095573,3418,2077433,6048.85693359375,2.6746528148651123,1639.8275146484375,352,"solid"
2021,1,"Q1",2,"2021-02",21,20210221,"2021-02-21","mex","México",2097623,2050,2083466.25,6033.28564453125,1.6041656732559204,1641.431640625,353,"solid"
2021,1,"Q1",2,"2021-02",22,20210222,"2021-02-22","mex","México",2106200,8577,2089544.375,6078.14306640625,6.711672782897949,1648.143310546875,354,"solid"
2021,1,"Q1",2,"2021-02",23,20210223,"2021-02-23","mex","México",2113650,7450,2095579.25,6034.85693359375,5.82977294921875,1653.9730224609375,355,"solid"
2021,1,"Q1",2,"2021-02",24,20210224,"2021-02-24","mex","México",2120457,6807,2101581.5,6002.14306640625,5.32661247253418,1659.2996826171875,356,"solid"
2021,1,"Q1",2,"2021-02",25,20210225,"2021-02-25","mex","México",2127195,6738,2107550.5,5969,5.272618770599365,1664.572265625,357,"solid"
2021,1,"Q1",2,"2021-02",26,20210226,"2021-02-26","mex","México",2134025,6830,2113531.75,5981.4287109375,5.344610691070557,1669.9168701171875,358,"solid"
2021,1,"Q1",2,"2021-02",27,20210227,"2021-02-27","mex","México",2137538,3513,2119526.75,5995,2.7489922046661377,1672.6658935546875,359,"solid"
2021,1,"Q1",2,"2021-02",28,20210228,"2021-02-28","mex","México",2139641,2103,2125529.5,6002.5712890625,1.645639181137085,1674.3115234375,360,"solid"
2021,1,"Q1",3,"2021-03",1,20210301,"2021-03-01","mex","México",2148249,8608,2131536.5,6007,6.735930919647217,1681.0474853515625,361,"solid"
2021,1,"Q1",3,"2021-03",2,20210302,"2021-03-02","mex","México",2155167,6918,2137467.5,5931,5.4134721755981445,1686.4609375,362,"solid"
2021,1,"Q1",3,"2021-03",3,20210303,"2021-03-03","mex","México",2161706,6539,2143360.25,5892.71435546875,5.116897106170654,1691.577880859375,363,"solid"
2021,1,"Q1",3,"2021-03",4,20210304,"2021-03-04","mex","México",2168004,6298,2149190,5829.85693359375,4.928309917449951,1696.506103515625,364,"solid"
2021,1,"Q1",3,"2021-03",5,20210305,"2021-03-05","mex","México",2173995,5991,2154900,5710,4.688076496124268,1701.1942138671875,365,"solid"
2021,1,"Q1",3,"2021-03",6,20210306,"2021-03-06","mex","México",2177067,3072,2160547,5647,2.4039008617401123,1703.59814453125,366,"solid"
2021,1,"Q1",3,"2021-03",7,20210307,"2021-03-07","mex","México",2179068,2001,2166179.5,5632.4287109375,1.5658222436904907,1705.1639404296875,367,"solid"
2021,1,"Q1",3,"2021-03",8,20210308,"2021-03-08","mex","México",2186114,7046,2171588.75,5409.28564453125,5.51363468170166,1710.6776123046875,368,"solid"
2021,1,"Q1",3,"2021-03",9,20210309,"2021-03-09","mex","México",2192049,5935,2176857.5,5268.85693359375,4.6442551612854,1715.3218994140625,369,"solid"
2021,1,"Q1",3,"2021-03",10,20210310,"2021-03-10","mex","México",2197534,5485,2181975.75,5118.28564453125,4.292121410369873,1719.614013671875,370,"solid"
2021,1,"Q1",3,"2021-03",11,20210311,"2021-03-11","mex","México",2202843,5309,2186952.75,4977,4.154397964477539,1723.768310546875,371,"solid"
2021,1,"Q1",3,"2021-03",12,20210312,"2021-03-12","mex","México",2208042,5199,2191816.75,4863.85693359375,4.0683207511901855,1727.836669921875,372,"solid"
2021,1,"Q1",3,"2021-03",13,20210313,"2021-03-13","mex","México",2210720,2678,2196624.25,4807.5712890625,2.095588207244873,1729.9322509765625,373,"solid"
2021,1,"Q1",3,"2021-03",14,20210314,"2021-03-14","mex","México",2212286,1566,2201369.75,4745.4287109375,1.2254260778427124,1731.15771484375,374,"solid"
2021,1,"Q1",3,"2021-03",15,20210315,"2021-03-15","mex","México",2214432,2146,2205415.25,4045.428466796875,1.6792875528335571,1732.8370361328125,375,"solid"
2021,1,"Q1",3,"2021-03",16,20210316,"2021-03-16","mex","México",2221119,6687,2209568,4152.85693359375,5.232710361480713,1738.0697021484375,376,"solid"
2021,1,"Q1",3,"2021-03",17,20210317,"2021-03-17","mex","México",2226341,5222,2213683.25,4115.28564453125,4.086318492889404,1742.156005859375,377,"solid"
2021,1,"Q1",3,"2021-03",18,20210318,"2021-03-18","mex","México",2231307,4966,2217749.5,4066.28564453125,3.885993480682373,1746.0419921875,378,"solid"
2021,1,"Q1",3,"2021-03",19,20210319,"2021-03-19","mex","México",2236019,4712,2221746.25,3996.71435546875,3.6872334480285645,1749.729248046875,379,"solid"
2021,1,"Q1",3,"2021-03",20,20210320,"2021-03-20","mex","México",2238461,2442,2225709.25,3963,1.9109134674072266,1751.64013671875,380,"solid"
2021,1,"Q1",3,"2021-03",21,20210321,"2021-03-21","mex","México",2240006,1545,2229669.25,3960,1.2089931964874268,1752.84912109375,381,"solid"
2021,1,"Q1",3,"2021-03",22,20210322,"2021-03-22","mex","México",2245872,5866,2234160.75,4491.4287109375,4.590261459350586,1757.439453125,382,"solid"
2021,1,"Q1",3,"2021-03",23,20210323,"2021-03-23","mex","México",2250996,5124,2238428.75,4268.14306640625,4.009631633758545,1761.4490966796875,383,"solid"
2021,1,"Q1",3,"2021-03",24,20210324,"2021-03-24","mex","México",2255535,4539,2242599.5,4170.5712890625,3.5518574714660645,1765.0008544921875,384,"solid"
2021,1,"Q1",3,"2021-03",25,20210325,"2021-03-25","mex","México",2260053,4518,2246706,4106.5712890625,3.5354247093200684,1768.536376953125,385,"solid"
2021,1,"Q1",3,"2021-03",26,20210326,"2021-03-26","mex","México",2264161,4108,2250726.25,4020.28564453125,3.2145915031433105,1771.7509765625,386,"solid"
2021,1,"Q1",3,"2021-03",27,20210327,"2021-03-27","mex","México",2266411,2250,2254719.25,3992.857177734375,1.7606697082519531,1773.5115966796875,387,"solid"
2021,1,"Q1",3,"2021-03",28,20210328,"2021-03-28","mex","México",2267729,1318,2258679.5,3960.428466796875,1.0313611030578613,1774.54296875,388,"solid"
2021,1,"Q1",3,"2021-03",29,20210329,"2021-03-29","mex","México",2272935,5206,2262545.75,3866.142822265625,4.073798179626465,1778.61669921875,389,"solid"
2021,1,"Q1",3,"2021-03",30,20210330,"2021-03-30","mex","México",2277292,4357,2266302.25,3756.571533203125,3.4094390869140625,1782.0262451171875,390,"solid"
2021,1,"Q1",3,"2021-03",31,20210331,"2021-03-31","mex","México",2281272,3980,2269979,3676.71435546875,3.114428997039795,1785.140625,391,"solid"
2021,2,"Q2",4,"2021-04",1,20210401,"2021-04-01","mex","México",2283356,2084,2273308,3329,1.6307713985443115,1786.7713623046875,392,"solid"
2021,2,"Q2",4,"2021-04",2,20210402,"2021-04-02","mex","México",2285045,1689,2276291.5,2983.428466796875,1.3216760158538818,1788.093017578125,393,"solid"
2021,2,"Q2",4,"2021-04",3,20210403,"2021-04-03","mex","México",2286649,1604,2279182.5,2891.142822265625,1.2551618814468384,1789.3482666015625,394,"solid"
2021,2,"Q2",4,"2021-04",4,20210404,"2021-04-04","mex","México",2288075,1426,2282089.25,2906.571533203125,1.1158733367919922,1790.464111328125,395,"solid"
2021,2,"Q2",4,"2021-04",5,20210405,"2021-04-05","mex","México",2293582,5507,2285038.75,2949.571533203125,4.3093366622924805,1794.7734375,396,"solid"
2021,2,"Q2",4,"2021-04",6,20210406,"2021-04-06","mex","México",2298178,4596,2288022.5,2983.71435546875,3.596461296081543,1798.369873046875,397,"solid"
2021,2,"Q2",4,"2021-04",7,20210407,"2021-04-07","mex","México",2302536,4358,2291060.25,3037.71435546875,3.410221576690674,1801.7801513671875,398,"solid"
2021,2,"Q2",4,"2021-04",8,20210408,"2021-04-08","mex","México",2306706,4170,2294395.75,3335.71435546875,3.2631077766418457,1805.043212890625,399,"solid"
2021,2,"Q2",4,"2021-04",9,20210409,"2021-04-09","mex","México",2310671,3965,2298056.75,3660.857177734375,3.102691173553467,1808.1458740234375,400,"solid"
2021,2,"Q2",4,"2021-04",10,20210410,"2021-04-10","mex","México",2312892,2221,2301805.75,3749,1.7379765510559082,1809.8839111328125,401,"solid"
2021,2,"Q2",4,"2021-04",11,20210411,"2021-04-11","mex","México",2314098,1206,2305523.25,3717.571533203125,0.9437189102172852,1810.82763671875,402,"solid"
2021,2,"Q2",4,"2021-04",12,20210412,"2021-04-12","mex","México",2319060,4962,2309163,3639.71435546875,3.8828635215759277,1814.71044921875,403,"solid"
2021,2,"Q2",4,"2021-04",13,20210413,"2021-04-13","mex","México",2323191,4131,2312736.25,3573.28564453125,3.2325894832611084,1817.943115234375,404,"solid"
2021,2,"Q2",4,"2021-04",14,20210414,"2021-04-14","mex","México",2326947,3756,2316223.5,3487.28564453125,2.9391446113586426,1820.8822021484375,405,"solid"
2021,2,"Q2",4,"2021-04",15,20210415,"2021-04-15","mex","México",2330645,3698,2319643.5,3419.857177734375,2.8937582969665527,1823.7760009765625,406,"solid"
2021,2,"Q2",4,"2021-04",16,20210416,"2021-04-16","mex","México",2333916,3271,2322964.25,3320.71435546875,2.5596225261688232,1826.3355712890625,407,"solid"
2021,2,"Q2",4,"2021-04",17,20210417,"2021-04-17","mex","México",2335591,1675,2326206.75,3242.71435546875,1.3107208013534546,1827.6463623046875,408,"solid"
2021,2,"Q2",4,"2021-04",18,20210418,"2021-04-18","mex","México",2336693,1102,2329434.75,3227.857177734375,0.8623368740081787,1828.5086669921875,409,"solid"
2021,2,"Q2",4,"2021-04",19,20210419,"2021-04-19","mex","México",2340928,4235,2332558.75,3124,3.313971519470215,1831.8226318359375,410,"solid"
2021,2,"Q2",4,"2021-04",20,20210420,"2021-04-20","mex","México",2344484,3556,2335600.5,3041.857177734375,2.7826404571533203,1834.605224609375,411,"solid"
2021,2,"Q2",4,"2021-04",21,20210421,"2021-04-21","mex","México",2348010,3526,2338609.5,3009,2.759165048599243,1837.3643798828125,412,"solid"
2021,2,"Q2",4,"2021-04",22,20210422,"2021-04-22","mex","México",2351173,3163,2341542.25,2932.571533203125,2.4751102924346924,1839.8394775390625,413,"solid"
2021,2,"Q2",4,"2021-04",23,20210423,"2021-04-23","mex","México",2354279,3106,2344451.25,2909,2.430506706237793,1842.27001953125,414,"solid"
2021,2,"Q2",4,"2021-04",24,20210424,"2021-04-24","mex","México",2356014,1735,2347368.75,2917.571533203125,1.3576719760894775,1843.627685546875,415,"solid"
2021,2,"Q2",4,"2021-04",25,20210425,"2021-04-25","mex","México",2357072,1058,2350280,2911.28564453125,0.8279060125350952,1844.45556640625,416,"solid"
2021,2,"Q2",4,"2021-04",26,20210426,"2021-04-26","mex","México",2360945,3873,2353139.5,2859.571533203125,3.0306992530822754,1847.486328125,417,"solid"
2021,2,"Q2",4,"2021-04",27,20210427,"2021-04-27","mex","México",2364350,3405,2355977.5,2838,2.664479970932007,1850.1507568359375,418,"solid"
2021,2,"Q2",4,"2021-04",28,20210428,"2021-04-28","mex","México",2367444,3094,2358753.75,2776.28564453125,2.421116352081299,1852.5718994140625,419,"solid"
2021,2,"Q2",4,"2021-04",29,20210429,"2021-04-29","mex","México",2370366,2922,2361495.75,2741.857177734375,2.2865231037139893,1854.8583984375,420,"solid"
2021,2,"Q2",4,"2021-04",30,20210430,"2021-04-30","mex","México",2373044,2678,2364176.5,2680.71435546875,2.095588207244873,1856.9539794921875,421,"solid"
2021,2,"Q2",5,"2021-05",1,20210501,"2021-05-01","mex","México",2374043,999,2366752,2575.571533203125,0.7817373275756836,1857.7357177734375,422,"solid"
2021,2,"Q2",5,"2021-05",2,20210502,"2021-05-02","mex","México",2374993,950,2369312.25,2560.142822265625,0.7433938384056091,1858.4791259765625,423,"solid"
2021,2,"Q2",5,"2021-05",3,20210503,"2021-05-03","mex","México",2378399,3406,2371805.5,2493.428466796875,2.6652626991271973,1861.1444091796875,424,"solid"
2021,2,"Q2",5,"2021-05",4,20210504,"2021-05-04","mex","México",2381281,2882,2374224.25,2418.71435546875,2.2552220821380615,1863.399658203125,425,"solid"
2021,2,"Q2",5,"2021-05",5,20210505,"2021-05-05","mex","México",2383830,2549,2376565.25,2340.857177734375,1.9946430921554565,1865.394287109375,426,"solid"
2021,2,"Q2",5,"2021-05",6,20210506,"2021-05-06","mex","México",2386578,2748,2378881.25,2316,2.150364637374878,1867.544677734375,427,"solid"
2021,2,"Q2",5,"2021-05",7,20210507,"2021-05-07","mex","México",2389027,2449,2381164.5,2283.28564453125,1.916391134262085,1869.4610595703125,428,"solid"
2021,2,"Q2",5,"2021-05",8,20210508,"2021-05-08","mex","México",2390300,1273,2383486.75,2322.428466796875,0.9961477518081665,1870.4571533203125,429,"solid"
2021,2,"Q2",5,"2021-05",9,20210509,"2021-05-09","mex","México",2391082,782,2385785.25,2298.428466796875,0.6119305491447449,1871.069091796875,430,"solid"
2021,2,"Q2",5,"2021-05",10,20210510,"2021-05-10","mex","México",2392804,1722,2387843.25,2057.857177734375,1.347499132156372,1872.4166259765625,431,"solid"
2021,2,"Q2",5,"2021-05",11,20210511,"2021-05-11","mex","México",2395913,3109,2389933.5,2090.28564453125,2.432854175567627,1874.8494873046875,432,"solid"
2021,2,"Q2",5,"2021-05",12,20210512,"2021-05-12","mex","México",2398491,2578,2392027.75,2094.428466796875,2.017336130142212,1876.8668212890625,433,"solid"
2021,2,"Q2",5,"2021-05",13,20210513,"2021-05-13","mex","México",2400800,2309,2394059.5,2031.7142333984375,1.8068382740020752,1878.6737060546875,434,"solid"
2021,2,"Q2",5,"2021-05",14,20210514,"2021-05-14","mex","México",2403225,2425,2396087.75,2028.2857666015625,1.8976106643676758,1880.5712890625,435,"solid"
2021,2,"Q2",5,"2021-05",15,20210515,"2021-05-15","mex","México",2404432,1207,2398106.75,2018.857177734375,0.9445014595985413,1881.5157470703125,436,"solid"
2021,2,"Q2",5,"2021-05",16,20210516,"2021-05-16","mex","México",2405195,763,2400122.75,2016.142822265625,0.5970626473426819,1882.11279296875,437,"solid"
2021,2,"Q2",5,"2021-05",17,20210517,"2021-05-17","mex","México",2408006,2811,2402294.5,2171.71435546875,2.1996634006500244,1884.3125,438,"solid"
2021,2,"Q2",5,"2021-05",18,20210518,"2021-05-18","mex","México",2410520,2514,2404381.25,2086.71435546875,1.967254877090454,1886.27978515625,439,"solid"
2021,2,"Q2",5,"2021-05",19,20210519,"2021-05-19","mex","México",2412937,2417,2406445,2063.71435546875,1.891350507736206,1888.171142578125,440,"solid"
2021,2,"Q2",5,"2021-05",20,20210520,"2021-05-20","mex","México",2415279,2342,2408513.5,2068.428466796875,1.832661509513855,1890.0037841796875,441,"solid"
2021,2,"Q2",5,"2021-05",21,20210521,"2021-05-21","mex","México",2417591,2312,2410565.75,2052.28564453125,1.8091858625411987,1891.81298828125,442,"solid"
2021,2,"Q2",5,"2021-05",22,20210522,"2021-05-22","mex","México",2418741,1150,2412609.75,2044.142822265625,0.8998978137969971,1892.712890625,443,"solid"
2021,2,"Q2",5,"2021-05",23,20210523,"2021-05-23","mex","México",2419543,802,2414659.5,2049.71435546875,0.6275809407234192,1893.3404541015625,444,"solid"
2021,2,"Q2",5,"2021-05",24,20210524,"2021-05-24","mex","México",2422436,2893,2416721,2061.428466796875,2.2638299465179443,1895.604248046875,445,"solid"
2021,2,"Q2",5,"2021-05",25,20210525,"2021-05-25","mex","México",2425080,2644,2418801,2080,2.0689823627471924,1897.6732177734375,446,"solid"
2021,2,"Q2",5,"2021-05",26,20210526,"2021-05-26","mex","México",2427654,2574,2420903.5,2102.428466796875,2.0142061710357666,1899.6873779296875,447,"solid"
2021,2,"Q2",5,"2021-05",27,20210527,"2021-05-27","mex","México",2430126,2472,2423024.5,2121,1.9343891143798828,1901.621826171875,448,"solid"
2021,2,"Q2",5,"2021-05",28,20210528,"2021-05-28","mex","México",2432565,2439,2425163.5,2139.142822265625,1.908565878868103,1903.5303955078125,449,"solid"
2021,2,"Q2",5,"2021-05",29,20210529,"2021-05-29","mex","México",2433708,1143,2427301.75,2138.142822265625,0.8944202065467834,1904.4248046875,450,"solid"
2021,2,"Q2",5,"2021-05",30,20210530,"2021-05-30","mex","México",2434641,933,2429458.5,2156.857177734375,0.7300910353660583,1905.1549072265625,451,"solid"
2021,2,"Q2",5,"2021-05",31,20210531,"2021-05-31","mex","México",2437669,3028,2431634.75,2176.142822265625,2.3694701194763184,1907.5244140625,452,"solid"
2021,2,"Q2",6,"2021-06",1,20210601,"2021-06-01","mex","México",2440452,2783,2433830.75,2196,2.177752733230591,1909.7021484375,453,"solid"
2021,2,"Q2",6,"2021-06",2,20210602,"2021-06-02","mex","México",2443236,2784,2436056.75,2226,2.178535223007202,1911.880615234375,454,"solid"
2021,2,"Q2",6,"2021-06",3,20210603,"2021-06-03","mex","México",2445877,2641,2438306.75,2250.142822265625,2.0666348934173584,1913.947265625,455,"solid"
2021,2,"Q2",6,"2021-06",4,20210604,"2021-06-04","mex","México",2448633,2756,2440602.25,2295.428466796875,2.1566247940063477,1916.1038818359375,456,"solid"
2021,2,"Q2",6,"2021-06",5,20210605,"2021-06-05","mex","México",2449990,1357,2442928.25,2326,1.0618793964385986,1917.165771484375,457,"solid"
2021,2,"Q2",6,"2021-06",6,20210606,"2021-06-06","mex","México",2450833,843,2445241.5,2313.142822265625,0.6596642136573792,1917.825439453125,458,"solid"
2021,2,"Q2",6,"2021-06",7,20210607,"2021-06-07","mex","México",2454508,3675,2447647,2405.571533203125,2.875760316848755,1920.701171875,459,"solid"
2021,2,"Q2",6,"2021-06",8,20210608,"2021-06-08","mex","México",2458090,3582,2450166.75,2519.71435546875,2.8029861450195312,1923.504150390625,460,"solid"
2021,2,"Q2",6,"2021-06",9,20210609,"2021-06-09","mex","México",2461457,3367,2452769.75,2603,2.63474440574646,1926.138916015625,461,"solid"
2021,2,"Q2",6,"2021-06",10,20210610,"2021-06-10","mex","México",2464702,3245,2455459,2689.28564453125,2.5392768383026123,1928.67822265625,462,"solid"
2021,2,"Q2",6,"2021-06",11,20210611,"2021-06-11","mex","México",2467949,3247,2458218.5,2759.428466796875,2.540842056274414,1931.2191162109375,463,"solid"
2021,2,"Q2",6,"2021-06",12,20210612,"2021-06-12","mex","México",2469663,1714,2461028.75,2810.428466796875,1.3412389755249023,1932.560302734375,464,"solid"
2021,2,"Q2",6,"2021-06",13,20210613,"2021-06-13","mex","México",2470761,1098,2463875.75,2846.857177734375,0.8592067956924438,1933.4195556640625,465,"solid"
2021,2,"Q2",6,"2021-06",14,20210614,"2021-06-14","mex","México",2474916,4155,2466791.25,2915.428466796875,3.2513699531555176,1936.6708984375,466,"solid"
2021,2,"Q2",6,"2021-06",15,20210615,"2021-06-15","mex","México",2478765,3849,2469744.75,2953.571533203125,3.011918783187866,1939.682861328125,467,"solid"
2021,2,"Q2",6,"2021-06",16,20210616,"2021-06-16","mex","México",2482682,3917,2472776.75,3032.142822265625,3.0651302337646484,1942.7479248046875,468,"solid"
2021,2,"Q2",6,"2021-06",17,20210617,"2021-06-17","mex","México",2486596,3914,2475904.5,3127.71435546875,3.0627827644348145,1945.8106689453125,469,"solid"
2021,2,"Q2",6,"2021-06",18,20210618,"2021-06-18","mex","México",2490538,3942,2479131.5,3227,3.084693193435669,1948.8953857421875,470,"solid"
2021,2,"Q2",6,"2021-06",19,20210619,"2021-06-19","mex","México",2492599,2061,2482408.25,3276.571533203125,1.6127734184265137,1950.5081787109375,471,"solid"
2021,2,"Q2",6,"2021-06",20,20210620,"2021-06-20","mex","México",2493874,1275,2485710,3301.857177734375,0.9977127909660339,1951.505859375,472,"solid"
2021,2,"Q2",6,"2021-06",21,20210621,"2021-06-21","mex","México",2499121,5247,2489167.75,3457.857177734375,4.105881690979004,1955.61181640625,473,"solid"
2021,2,"Q2",6,"2021-06",22,20210622,"2021-06-22","mex","México",2504259,5138,2492809.75,3642,4.020586967468262,1959.63232421875,474,"solid"
2021,2,"Q2",6,"2021-06",23,20210623,"2021-06-23","mex","México",2509536,5277,2496646.25,3836.28564453125,4.12935733795166,1963.76171875,475,"solid"
2021,2,"Q2",6,"2021-06",24,20210624,"2021-06-24","mex","México",2514828,5292,2500679.25,4033.142822265625,4.141095161437988,1967.90283203125,476,"solid"
2021,2,"Q2",6,"2021-06",25,20210625,"2021-06-25","mex","México",2520003,5175,2504888.5,4209.28564453125,4.049540042877197,1971.952392578125,477,"solid"
2021,2,"Q2",6,"2021-06",26,20210626,"2021-06-26","mex","México",2522751,2748,2509196,4307.4287109375,2.150364637374878,1974.102783203125,478,"solid"
2021,2,"Q2",6,"2021-06",27,20210627,"2021-06-27","mex","México",2524449,1698,2513563.75,4367.85693359375,1.328718662261963,1975.431396484375,479,"solid"
2021,2,"Q2",6,"2021-06",28,20210628,"2021-06-28","mex","México",2531350,6901,2518168,4604.14306640625,5.400169372558594,1980.8316650390625,480,"solid"
2021,2,"Q2",6,"2021-06",29,20210629,"2021-06-29","mex","México",2537715,6365,2522947.5,4779.4287109375,4.980738639831543,1985.8123779296875,481,"solid"
2021,2,"Q2",6,"2021-06",30,20210630,"2021-06-30","mex","México",2543891,6176,2527855.25,4907.85693359375,4.8328423500061035,1990.6451416015625,482,"solid"
2021,3,"Q3",7,"2021-07",1,20210701,"2021-07-01","mex","México",2550307,6416,2532923.75,5068.4287109375,5.0206475257873535,1995.6658935546875,483,"solid"
2021,3,"Q3",7,"2021-07",2,20210702,"2021-07-02","mex","México",2556978,6671,2538205.75,5282.14306640625,5.220190048217773,2000.885986328125,484,"solid"
2021,3,"Q3",7,"2021-07",3,20210703,"2021-07-03","mex","México",2560439,3461,2543589.75,5384,2.708301305770874,2003.5943603515625,485,"solid"
2021,3,"Q3",7,"2021-07",4,20210704,"2021-07-04","mex","México",2562695,2256,2549053.5,5463.71435546875,1.7653647661209106,2005.3597412109375,486,"solid"
2021,3,"Q3",7,"2021-07",5,20210705,"2021-07-05","mex","México",2571859,9164,2554840.5,5787,7.171011924743652,2012.53076171875,487,"solid"
2021,3,"Q3",7,"2021-07",6,20210706,"2021-07-06","mex","México",2581057,9198,2561032.25,6191.71435546875,7.197617530822754,2019.728271484375,488,"solid"
2021,3,"Q3",7,"2021-07",7,20210707,"2021-07-07","mex","México",2590978,9921,2567759,6726.71435546875,7.7633795738220215,2027.49169921875,489,"solid"
2021,3,"Q3",7,"2021-07",8,20210708,"2021-07-08","mex","México",2600892,9914,2574985.5,7226.4287109375,7.757901668548584,2035.2496337890625,490,"solid"
2021,3,"Q3",7,"2021-07",9,20210709,"2021-07-09","mex","México",2611286,10394,2582743.75,7758.28564453125,8.133511543273926,2043.3831787109375,491,"solid"
2021,3,"Q3",7,"2021-07",10,20210710,"2021-07-10","mex","México",2616591,5305,2590765.5,8021.71435546875,4.151268005371094,2047.534423828125,492,"solid"
2021,3,"Q3",7,"2021-07",11,20210711,"2021-07-11","mex","México",2620096,3505,2598965.5,8200.142578125,2.742732048034668,2050.277099609375,493,"solid"
2021,3,"Q3",7,"2021-07",12,20210712,"2021-07-12","mex","México",2633879,13783,2607825.5,8860,10.785470962524414,2061.0625,494,"solid"
2021,3,"Q3",7,"2021-07",13,20210713,"2021-07-13","mex","México",2647673,13794,2617342.25,9516.5712890625,10.794078826904297,2071.856689453125,495,"solid"
2021,3,"Q3",7,"2021-07",14,20210714,"2021-07-14","mex","México",2661408,13735,2627403.5,10061.4287109375,10.747910499572754,2082.6044921875,496,"solid"
2021,3,"Q3",7,"2021-07",15,20210715,"2021-07-15","mex","México",2674800,13392,2637961.75,10558.2861328125,10.47950553894043,2093.083984375,497,"solid"
2021,3,"Q3",7,"2021-07",16,20210716,"2021-07-16","mex","México",2688720,13920,2649023.75,11062,10.89267635345459,2103.976806640625,498,"solid"
2021,3,"Q3",7,"2021-07",17,20210717,"2021-07-17","mex","México",2695612,6892,2660312.5,11288.7138671875,5.393126964569092,2109.369873046875,499,"solid"
2021,3,"Q3",7,"2021-07",18,20210718,"2021-07-18","mex","México",2700283,4671,2671767.75,11455.2861328125,3.6551501750946045,2113.025146484375,500,"solid"
2021,3,"Q3",7,"2021-07",19,20210719,"2021-07-19","mex","México",2718232,17949,2683818.25,12050.4287109375,14.045448303222656,2127.070556640625,501,"solid"
2021,3,"Q3",7,"2021-07",20,20210720,"2021-07-20","mex","México",2736292,18060,2696478.25,12659.857421875,14.132308006286621,2141.202880859375,502,"solid"
2021,3,"Q3",7,"2021-07",21,20210721,"2021-07-21","mex","México",2754000,17708,2709705.5,13227.4287109375,13.856861114501953,2155.0595703125,503,"solid"
2021,3,"Q3",7,"2021-07",22,20210722,"2021-07-22","mex","México",2772620,18620,2723679.75,13974.2861328125,14.57051944732666,2169.630126953125,504,"solid"
2021,3,"Q3",7,"2021-07",23,20210723,"2021-07-23","mex","México",2790415,17795,2738207.75,14527.857421875,13.924941062927246,2183.55517578125,505,"solid"
2021,3,"Q3",7,"2021-07",24,20210724,"2021-07-24","mex","México",2799115,8700,2752993.75,14786.142578125,6.807922840118408,2190.363037109375,506,"solid"
2021,3,"Q3",7,"2021-07",25,20210725,"2021-07-25","mex","México",2805484,6369,2768022.5,15028.7138671875,4.9838690757751465,2195.346923828125,507,"solid"
2021,3,"Q3",7,"2021-07",26,20210726,"2021-07-26","mex","México",2827966,22482,2783698.75,15676.2861328125,17.59261131286621,2212.939453125,508,"solid"
2021,3,"Q3",7,"2021-07",27,20210727,"2021-07-27","mex","México",2849796,21830,2799913.75,16214.857421875,17.082408905029297,2230.02197265625,509,"solid"
2021,3,"Q3",7,"2021-07",28,20210728,"2021-07-28","mex","México",2870170,20374,2816509.5,16595.71484375,15.943058967590332,2245.965087890625,510,"solid"
2021,3,"Q3",7,"2021-07",29,20210729,"2021-07-29","mex","México",2891239,21069,2833455,16945.572265625,16.486909866333008,2262.451904296875,511,"solid"
2021,3,"Q3",7,"2021-07",30,20210730,"2021-07-30","mex","México",2911021,19782,2850684.5,17229.427734375,15.47980785369873,2277.931640625,512,"solid"
2021,3,"Q3",7,"2021-07",31,20210731,"2021-07-31","mex","México",2920341,9320,2868002.5,17318,7.293085098266602,2285.224853515625,513,"solid"
2021,3,"Q3",8,"2021-08",1,20210801,"2021-08-01","mex","México",2927605,7264,2885448.25,17445.857421875,5.6842241287231445,2290.908935546875,514,"solid"
2021,3,"Q3",8,"2021-08",2,20210802,"2021-08-02","mex","México",2950899,23294,2903010.25,17561.857421875,18.228017807006836,2309.136962890625,515,"solid"
2021,3,"Q3",8,"2021-08",3,20210803,"2021-08-03","mex","México",2973564,22665,2920691.25,17681.142578125,17.73581314086914,2326.872802734375,516,"solid"
2021,3,"Q3",8,"2021-08",4,20210804,"2021-08-04","mex","México",2994994,21430,2938523.25,17832,16.769399642944336,2343.642333984375,517,"solid"
2021,3,"Q3",8,"2021-08",5,20210805,"2021-08-05","mex","México",3016652,21658,2956439.5,17916.142578125,16.94781494140625,2360.590087890625,518,"solid"
2021,3,"Q3",8,"2021-08",6,20210806,"2021-08-06","mex","México",3037628,20976,2974526.25,18086.71484375,16.41413688659668,2377.004150390625,519,"solid"
2021,3,"Q3",8,"2021-08",7,20210807,"2021-08-07","mex","México",3047637,10009,2992711.25,18185.142578125,7.832241058349609,2384.83642578125,520,"solid"
2021,3,"Q3",8,"2021-08",8,20210808,"2021-08-08","mex","México",3055164,7527,3010934,18222.71484375,5.890027046203613,2390.7265625,521,"solid"
2021,3,"Q3",8,"2021-08",9,20210809,"2021-08-09","mex","México",3080472,25308,3029444.5,18510.427734375,19.804012298583984,2410.530517578125,522,"solid"
2021,3,"Q3",8,"2021-08",10,20210810,"2021-08-10","mex","México",3104879,24407,3048203.75,18759.28515625,19.098962783813477,2429.62939453125,523,"solid"
2021,3,"Q3",8,"2021-08",11,20210811,"2021-08-11","mex","México",3127764,22885,3067170.75,18967.142578125,17.90796661376953,2447.537353515625,524,"solid"
2021,3,"Q3",8,"2021-08",12,20210812,"2021-08-12","mex","México",3149759,21995,3086186.25,19015.28515625,17.211524963378906,2464.7490234375,525,"solid"
2021,3,"Q3",8,"2021-08",13,20210813,"2021-08-13","mex","México",3171037,21278,3105244.5,19058.427734375,16.65045738220215,2481.3994140625,526,"solid"
2021,3,"Q3",8,"2021-08",14,20210814,"2021-08-14","mex","México",3180458,9421,3124219,18974.427734375,7.372119426727295,2488.771484375,527,"solid"
2021,3,"Q3",8,"2021-08",15,20210815,"2021-08-15","mex","México",3187213,6755,3143083.25,18864.142578125,5.285921573638916,2494.057373046875,528,"solid"
2021,3,"Q3",8,"2021-08",16,20210816,"2021-08-16","mex","México",3211269,24056,3161768.5,18685.28515625,18.824296951293945,2512.8818359375,529,"solid"
2021,3,"Q3",8,"2021-08",17,20210817,"2021-08-17","mex","México",3232910,21641,3180058.5,18290.142578125,16.934511184692383,2529.816162109375,530,"solid"
2021,3,"Q3",8,"2021-08",18,20210818,"2021-08-18","mex","México",3253645,20735,3198041.5,17983,16.225549697875977,2546.041748046875,531,"solid"
2021,3,"Q3",8,"2021-08",19,20210819,"2021-08-19","mex","México",3272457,18812,3215569.75,17528.28515625,14.720763206481934,2560.762451171875,532,"solid"
2021,3,"Q3",8,"2021-08",20,20210820,"2021-08-20","mex","México",3290327,17870,3232611.25,17041.427734375,13.98362922668457,2574.74609375,533,"solid"
2021,3,"Q3",8,"2021-08",21,20210821,"2021-08-21","mex","México",3297971,7644,3249398.75,16787.572265625,5.981581687927246,2580.727783203125,534,"solid"
2021,3,"Q3",8,"2021-08",22,20210822,"2021-08-22","mex","México",3303834,5863,3266059,16660.142578125,4.587913990020752,2585.315673828125,535,"solid"
2021,3,"Q3",8,"2021-08",23,20210823,"2021-08-23","mex","México",3324860,21026,3282286.25,16227.2861328125,16.453262329101562,2601.76904296875,536,"solid"
2021,3,"Q3",8,"2021-08",24,20210824,"2021-08-24","mex","México",3343385,18525,3298068.5,15782.142578125,14.496180534362793,2616.26513671875,537,"solid"
2021,3,"Q3",8,"2021-08",25,20210825,"2021-08-25","mex","México",3360421,17036,3313322.25,15253.7138671875,13.331007957458496,2629.59619140625,538,"solid"
2021,3,"Q3",8,"2021-08",26,20210826,"2021-08-26","mex","México",3376496,16075,3328184.75,14862.7138671875,12.57900619506836,2642.175048828125,539,"solid"
2021,3,"Q3",8,"2021-08",27,20210827,"2021-08-27","mex","México",3391991,15495,3342708.25,14523.4287109375,12.125144958496094,2654.30029296875,540,"solid"
2021,3,"Q3",8,"2021-08",28,20210828,"2021-08-28","mex","México",3398984,6993,3357138.75,14430.4287109375,5.472161293029785,2659.7724609375,541,"solid"
2021,3,"Q3",8,"2021-08",29,20210829,"2021-08-29","mex","México",3403686,4702,3371403.25,14264.5712890625,3.679408311843872,2663.451904296875,542,"solid"
2021,3,"Q3",8,"2021-08",30,20210830,"2021-08-30","mex","México",3421204,17518,3385166.75,13763.4287109375,13.708182334899902,2677.159912109375,543,"solid"
2021,3,"Q3",8,"2021-08",31,20210831,"2021-08-31","mex","México",3436561,15357,3398477.5,13310.857421875,12.017157554626465,2689.17724609375,544,"solid"
2021,3,"Q3",9,"2021-09",1,20210901,"2021-09-01","mex","México",3451009,14448,3411418.75,12941.142578125,11.30584716796875,2700.483154296875,545,"solid"
2021,3,"Q3",9,"2021-09",2,20210902,"2021-09-02","mex","México",3464678,13669,3424016.25,12597.4287109375,10.696263313293457,2711.17919921875,546,"solid"
2021,3,"Q3",9,"2021-09",3,20210903,"2021-09-03","mex","México",3477800,13122,3436274.5,12258.4287109375,10.26822566986084,2721.447509765625,547,"solid"
2021,3,"Q3",9,"2021-09",4,20210904,"2021-09-04","mex","México",3484064,6264,3448428.75,12154.2861328125,4.90170431137085,2726.34912109375,548,"solid"
2021,3,"Q3",9,"2021-09",5,20210905,"2021-09-05","mex","México",3488183,4119,3460499.75,12071,3.2231991291046143,2729.572509765625,549,"solid"
2021,3,"Q3",9,"2021-09",6,20210906,"2021-09-06","mex","México",3503885,15702,3472311.5,11811.5712890625,12.287126541137695,2741.859619140625,550,"solid"
2021,3,"Q3",9,"2021-09",7,20210907,"2021-09-07","mex","México",3516929,13044,3483792.5,11481.142578125,10.207188606262207,2752.066650390625,551,"solid"
2021,3,"Q3",9,"2021-09",8,20210908,"2021-09-08","mex","México",3528870,11941,3494915.5,11123,9.344069480895996,2761.410888671875,552,"solid"
2021,3,"Q3",9,"2021-09",9,20210909,"2021-09-09","mex","México",3540564,11694,3505756.5,10840.857421875,9.150787353515625,2770.5615234375,553,"solid"
2021,3,"Q3",9,"2021-09",10,20210910,"2021-09-10","mex","México",3551933,11369,3516346.75,10590.4287109375,8.896468162536621,2779.4580078125,554,"solid"
2021,3,"Q3",9,"2021-09",11,20210911,"2021-09-11","mex","México",3556981,5048,3526763.5,10416.7138671875,3.950160264968872,2783.408203125,555,"solid"
2021,3,"Q3",9,"2021-09",12,20210912,"2021-09-12","mex","México",3560661,3680,3537117.5,10354,2.8796730041503906,2786.287841796875,556,"solid"
2021,3,"Q3",9,"2021-09",13,20210913,"2021-09-13","mex","México",3574074,13413,3547144.5,10027,10.495938301086426,2796.783935546875,557,"solid"
2021,3,"Q3",9,"2021-09",14,20210914,"2021-09-14","mex","México",3585427,11353,3556930,9785.4287109375,8.883947372436523,2805.667724609375,558,"solid"
2021,3,"Q3",9,"2021-09",15,20210915,"2021-09-15","mex","México",3592759,7332,3566057,9127,5.737435340881348,2811.4052734375,559,"solid"
2021,3,"Q3",9,"2021-09",16,20210916,"2021-09-16","mex","México",3596537,3778,3574053.25,7996.14306640625,2.95635986328125,2814.361572265625,560,"solid"
2021,3,"Q3",9,"2021-09",17,20210917,"2021-09-17","mex","México",3607840,11303,3582039.75,7986.71435546875,8.84482192993164,2823.206298828125,561,"solid"
2021,3,"Q3",9,"2021-09",18,20210918,"2021-09-18","mex","México",3612370,4530,3589952.5,7912.71435546875,3.5448148250579834,2826.751220703125,562,"solid"
2021,3,"Q3",9,"2021-09",19,20210919,"2021-09-19","mex","México",3615544,3174,3597793,7840.4287109375,2.483717918395996,2829.23486328125,563,"solid"
2021,3,"Q3",9,"2021-09",20,20210920,"2021-09-20","mex","México",3627759,12215,3605462.25,7669.28564453125,9.558480262756348,2838.79345703125,564,"solid"
2021,3,"Q3",9,"2021-09",21,20210921,"2021-09-21","mex","México",3637561,9802,3612910,7447.71435546875,7.670259475708008,2846.463623046875,565,"solid"
2021,3,"Q3",9,"2021-09",22,20210922,"2021-09-22","mex","México",3647038,9477,3620664.25,7754.14306640625,7.415940761566162,2853.879638671875,566,"solid"
2021,3,"Q3",9,"2021-09",23,20210923,"2021-09-23","mex","México",3655492,8454,3629086.25,8422.142578125,6.61542272567749,2860.4951171875,567,"solid"
2021,3,"Q3",9,"2021-09",24,20210924,"2021-09-24","mex","México",3663706,8214,3637067.25,7980.85693359375,6.427618026733398,2866.922607421875,568,"solid"
2021,3,"Q3",9,"2021-09",25,20210925,"2021-09-25","mex","México",3667337,3631,3644919.5,7852.4287109375,2.841329574584961,2869.763916015625,569,"solid"
2021,3,"Q3",9,"2021-09",26,20210926,"2021-09-26","mex","México",3669968,2631,3652694.5,7774.85693359375,2.058809757232666,2871.82275390625,570,"solid"
2021,3,"Q3",9,"2021-09",27,20210927,"2021-09-27","mex","México",3679887,9919,3660141.25,7446.85693359375,7.761814117431641,2879.584716796875,571,"solid"
2021,3,"Q3",9,"2021-09",28,20210928,"2021-09-28","mex","México",3687371,7484,3667257,7115.71435546875,5.856378555297852,2885.44091796875,572,"solid"
2021,3,"Q3",9,"2021-09",29,20210929,"2021-09-29","mex","México",3694381,7010,3674020.25,6763.28564453125,5.485464096069336,2890.926513671875,573,"solid"
2021,3,"Q3",9,"2021-09",30,20210930,"2021-09-30","mex","México",3700450,6069,3680442.75,6422.5712890625,4.749113082885742,2895.675537109375,574,"solid"
2021,4,"Q4",10,"2021-10",1,20211001,"2021-10-01","mex","México",3706230,5780,3686517.75,6074.85693359375,4.5229644775390625,2900.198486328125,575,"solid"
2021,4,"Q4",10,"2021-10",2,20211002,"2021-10-02","mex","México",3708848,2618,3692447.75,5930.14306640625,2.0486369132995605,2902.2470703125,576,"solid"
2021,4,"Q4",10,"2021-10",3,20211003,"2021-10-03","mex","México",3710807,1959,3698282,5834.14306640625,1.5329563617706299,2903.780029296875,577,"solid"
2021,4,"Q4",10,"2021-10",4,20211004,"2021-10-04","mex","México",3718205,7398,3703756,5474,5.789082050323486,2909.569091796875,578,"solid"
2021,4,"Q4",10,"2021-10",5,20211005,"2021-10-05","mex","México",3724377,6172,3709042.5,5286.5712890625,4.829712390899658,2914.39892578125,579,"solid"
2021,4,"Q4",10,"2021-10",6,20211006,"2021-10-06","mex","México",3729984,5607,3714128.75,5086.14306640625,4.387588977813721,2918.78662109375,580,"solid"
2021,4,"Q4",10,"2021-10",7,20211007,"2021-10-07","mex","México",3735127,5143,3719082.5,4953.85693359375,4.024499416351318,2922.81103515625,581,"solid"
2021,4,"Q4",10,"2021-10",8,20211008,"2021-10-08","mex","México",3739961,4834,3723901.25,4818.71435546875,3.782701015472412,2926.59375,582,"solid"
2021,4,"Q4",10,"2021-10",9,20211009,"2021-10-09","mex","México",3742177,2216,3728662.5,4761.28564453125,1.734063982963562,2928.327880859375,583,"solid"
2021,4,"Q4",10,"2021-10",10,20211010,"2021-10-10","mex","México",3743984,1807,3733402.25,4739.5712890625,1.414013385772705,2929.74169921875,584,"solid"
2021,4,"Q4",10,"2021-10",11,20211011,"2021-10-11","mex","México",3750239,6255,3737978.5,4576.28564453125,4.8946614265441895,2934.636474609375,585,"solid"
2021,4,"Q4",10,"2021-10",12,20211012,"2021-10-12","mex","México",3755259,5020,3742390.25,4411.71435546875,3.9282495975494385,2938.564697265625,586,"solid"
2021,4,"Q4",10,"2021-10",13,20211013,"2021-10-13","mex","México",3759804,4545,3746650.25,4260,3.5565526485443115,2942.121337890625,587,"solid"
2021,4,"Q4",10,"2021-10",14,20211014,"2021-10-14","mex","México",3764252,4448,3750810.75,4160.71435546875,3.4806482791900635,2945.601806640625,588,"solid"
2021,4,"Q4",10,"2021-10",15,20211015,"2021-10-15","mex","México",3768545,4293,3754894.25,4083.428466796875,3.3593575954437256,2948.961181640625,589,"solid"
2021,4,"Q4",10,"2021-10",16,20211016,"2021-10-16","mex","México",3770264,1719,3758906.75,4012.428466796875,1.345151662826538,2950.306396484375,590,"solid"
2021,4,"Q4",10,"2021-10",17,20211017,"2021-10-17","mex","México",3771561,1297,3762846.25,3939.571533203125,1.0149282217025757,2951.3212890625,591,"solid"
2021,4,"Q4",10,"2021-10",18,20211018,"2021-10-18","mex","México",3776522,4961,3766601,3754.71435546875,3.8820810317993164,2955.203369140625,592,"solid"
2021,4,"Q4",10,"2021-10",19,20211019,"2021-10-19","mex","México",3780538,4016,3770212.25,3611.28564453125,3.1425998210906982,2958.345947265625,593,"solid"
2021,4,"Q4",10,"2021-10",20,20211020,"2021-10-20","mex","México",3784355,3817,3773719.5,3507.28564453125,2.9868781566619873,2961.3330078125,594,"solid"
2021,4,"Q4",10,"2021-10",21,20211021,"2021-10-21","mex","México",3788072,3717,3777122.5,3402.857177734375,2.9086263179779053,2964.241455078125,595,"solid"
2021,4,"Q4",10,"2021-10",22,20211022,"2021-10-22","mex","México",3791663,3591,3780425,3302.571533203125,2.8100287914276123,2967.051513671875,596,"solid"
2021,4,"Q4",10,"2021-10",23,20211023,"2021-10-23","mex","México",3793241,1578,3783707.5,3282.428466796875,1.234816312789917,2968.286376953125,597,"solid"
2021,4,"Q4",10,"2021-10",24,20211024,"2021-10-24","mex","México",3794440,1199,3786975.75,3268.428466796875,0.9382413029670715,2969.224609375,598,"solid"
2021,4,"Q4",10,"2021-10",25,20211025,"2021-10-25","mex","México",3799039,4599,3790192.5,3216.71435546875,3.598808765411377,2972.823486328125,599,"solid"
2021,4,"Q4",10,"2021-10",26,20211026,"2021-10-26","mex","México",3802751,3712,3793365.75,3173.28564453125,2.9047136306762695,2975.72802734375,600,"solid"
2021,4,"Q4",10,"2021-10",27,20211027,"2021-10-27","mex","México",3806026,3275,3796461.75,3095.857177734375,2.5627524852752686,2978.290771484375,601,"solid"
2021,4,"Q4",10,"2021-10",28,20211028,"2021-10-28","mex","México",3809223,3197,3799483.25,3021.571533203125,2.501715898513794,2980.79248046875,602,"solid"
2021,4,"Q4",10,"2021-10",29,20211029,"2021-10-29","mex","México",3812088,2865,3802401.25,2917.857177734375,2.2419192790985107,2983.034423828125,603,"solid"
2021,4,"Q4",10,"2021-10",30,20211030,"2021-10-30","mex","México",3813138,1050,3805243.5,2842.428466796875,0.8216458559036255,2983.856201171875,604,"solid"
2021,4,"Q4",10,"2021-10",31,20211031,"2021-10-31","mex","México",3813967,829,3808033.25,2789.571533203125,0.6487089395523071,2984.5048828125,605,"dashed"
2021,4,"Q4",11,"2021-11",1,20211101,"2021-11-01","mex","México",3816794,2827,3810569.5,2536.428466796875,2.212183713912964,2986.717041015625,606,"dashed"
2021,4,"Q4",11,"2021-11",2,20211102,"2021-11-02","mex","México",3818770,1976,3812858,2288.428466796875,1.5462591648101807,2988.263427734375,607,"dashed"
2021,4,"Q4",11,"2021-11",3,20211103,"2021-11-03","mex","México",3821602,2832,3815083.25,2225.142822265625,2.2160961627960205,2990.4794921875,608,"dashed"
2021,4,"Q4",11,"2021-11",4,20211104,"2021-11-04","mex","México",3823963,2361,3817188.75,2105.71435546875,1.847529411315918,2992.326904296875,609,"dashed"
2021,4,"Q4",11,"2021-11",5,20211105,"2021-11-05","mex","México",3825397,1434,3819090.25,1901.2857666015625,1.122133493423462,2993.448974609375,610,"dashed"
2021,4,"Q4",11,"2021-11",6,20211106,"2021-11-06","mex","México",3825404,7,3820842.5,1752.2857666015625,0.00547763891518116,2993.45458984375,611,"dashed"